Frequenza,Territorio,Dominio,Indicatore,Sesso,Edizione,TIME_PERIOD,Osservazione,'Stato dell"'osservazione',Territorio (NOTE_REF_AREA),Codifica territoriale ufficiale Istat,Indicatore (NOTE_DATA_TYPE),Descrizione indicatore,Fonte,Tempo (NOTE_TIME_PERIOD),Anno base,Unità di misura,Unità di moltiplicazione
Annuale,Piemonte,Qualità dei servizi,Posti-km offerti dal Tpl,Totale,2025,2014,4537,,,,,'Prodotto del numero complessivo di km percorsi nell"'anno dai veicoli del Tpl per la loro capacità media, rapportato alla popolazione residente (posti-Km per abitante). L"'indicatore è riferito ai Comuni capoluogo di provincia e considera le seguenti modalità di Tpl: autobus, tram, filobus, metropolitana, funicolare o funivia (inclusi i servizi ettometrici di navetta a guida automatica), trasporti per vie d"'acqua.',Istat: Indagine Dati ambientali nelle città,,,Valori per abitante,
Annuale,Piemonte,Qualità dei servizi,Posti-km offerti dal Tpl,Totale,2025,2015,5084,,,,,'Prodotto del numero complessivo di km percorsi nell"'anno dai veicoli del Tpl per la loro capacità media, rapportato alla popolazione residente (posti-Km per abitante). L"'indicatore è riferito ai Comuni capoluogo di provincia e considera le seguenti modalità di Tpl: autobus, tram, filobus, metropolitana, funicolare o funivia (inclusi i servizi ettometrici di navetta a guida automatica), trasporti per vie d"'acqua.',Istat: Indagine Dati ambientali nelle città,,,Valori per abitante,
Annuale,Piemonte,Qualità dei servizi,Posti-km offerti dal Tpl,Totale,2025,2016,5042,,,,,'Prodotto del numero complessivo di km percorsi nell"'anno dai veicoli del Tpl per la loro capacità media, rapportato alla popolazione residente (posti-Km per abitante). L"'indicatore è riferito ai Comuni capoluogo di provincia e considera le seguenti modalità di Tpl: autobus, tram, filobus, metropolitana, funicolare o funivia (inclusi i servizi ettometrici di navetta a guida automatica), trasporti per vie d"'acqua.',Istat: Indagine Dati ambientali nelle città,,,Valori per abitante,
Annuale,Piemonte,Qualità dei servizi,Posti-km offerti dal Tpl,Totale,2025,2017,5197,,,,,'Prodotto del numero complessivo di km percorsi nell"'anno dai veicoli del Tpl per la loro capacità media, rapportato alla popolazione residente (posti-Km per abitante). L"'indicatore è riferito ai Comuni capoluogo di provincia e considera le seguenti modalità di Tpl: autobus, tram, filobus, metropolitana, funicolare o funivia (inclusi i servizi ettometrici di navetta a guida automatica), trasporti per vie d"'acqua.',Istat: Indagine Dati ambientali nelle città,,,Valori per abitante,
Annuale,Piemonte,Qualità dei servizi,Posti-km offerti dal Tpl,Totale,2025,2018,5026,,,,,'Prodotto del numero complessivo di km percorsi nell"'anno dai veicoli del Tpl per la loro capacità media, rapportato alla popolazione residente (posti-Km per abitante). L"'indicatore è riferito ai Comuni capoluogo di provincia e considera le seguenti modalità di Tpl: autobus, tram, filobus, metropolitana, funicolare o funivia (inclusi i servizi ettometrici di navetta a guida automatica), trasporti per vie d"'acqua.',Istat: Indagine Dati ambientali nelle città,,,Valori per abitante,
Annuale,Piemonte,Qualità dei servizi,Posti-km offerti dal Tpl,Totale,2025,2019,5037,,,,,'Prodotto del numero complessivo di km percorsi nell"'anno dai veicoli del Tpl per la loro capacità media, rapportato alla popolazione residente (posti-Km per abitante). L"'indicatore è riferito ai Comuni capoluogo di provincia e considera le seguenti modalità di Tpl: autobus, tram, filobus, metropolitana, funicolare o funivia (inclusi i servizi ettometrici di navetta a guida automatica), trasporti per vie d"'acqua.',Istat: Indagine Dati ambientali nelle città,,,Valori per abitante,
Annuale,Piemonte,Qualità dei servizi,Posti-km offerti dal Tpl,Totale,2025,2020,3634,,,,,'Prodotto del numero complessivo di km percorsi nell"'anno dai veicoli del Tpl per la loro capacità media, rapportato alla popolazione residente (posti-Km per abitante). L"'indicatore è riferito ai Comuni capoluogo di provincia e considera le seguenti modalità di Tpl: autobus, tram, filobus, metropolitana, funicolare o funivia (inclusi i servizi ettometrici di navetta a guida automatica), trasporti per vie d"'acqua.',Istat: Indagine Dati ambientali nelle città,,,Valori per abitante,
Annuale,Piemonte,Qualità dei servizi,Posti-km offerti dal Tpl,Totale,2025,2021,3373,,,,,'Prodotto del numero complessivo di km percorsi nell"'anno dai veicoli del Tpl per la loro capacità media, rapportato alla popolazione residente (posti-Km per abitante). L"'indicatore è riferito ai Comuni capoluogo di provincia e considera le seguenti modalità di Tpl: autobus, tram, filobus, metropolitana, funicolare o funivia (inclusi i servizi ettometrici di navetta a guida automatica), trasporti per vie d"'acqua.',Istat: Indagine Dati ambientali nelle città,,,Valori per abitante,
Annuale,Piemonte,Qualità dei servizi,Posti-km offerti dal Tpl,Totale,2025,2022,3650,,,,,'Prodotto del numero complessivo di km percorsi nell"'anno dai veicoli del Tpl per la loro capacità media, rapportato alla popolazione residente (posti-Km per abitante). L"'indicatore è riferito ai Comuni capoluogo di provincia e considera le seguenti modalità di Tpl: autobus, tram, filobus, metropolitana, funicolare o funivia (inclusi i servizi ettometrici di navetta a guida automatica), trasporti per vie d"'acqua.',Istat: Indagine Dati ambientali nelle città,,,Valori per abitante,
Annuale,Piemonte,Qualità dei servizi,Posti-km offerti dal Tpl,Totale,2025,2023,3551,,,,,'Prodotto del numero complessivo di km percorsi nell"'anno dai veicoli del Tpl per la loro capacità media, rapportato alla popolazione residente (posti-Km per abitante). L"'indicatore è riferito ai Comuni capoluogo di provincia e considera le seguenti modalità di Tpl: autobus, tram, filobus, metropolitana, funicolare o funivia (inclusi i servizi ettometrici di navetta a guida automatica), trasporti per vie d"'acqua.',Istat: Indagine Dati ambientali nelle città,,,Valori per abitante,
Annuale,'Valle d"'Aosta / Vallée d"'Aoste',Qualità dei servizi,Posti-km offerti dal Tpl,Totale,2025,2014,868,,,,,'Prodotto del numero complessivo di km percorsi nell"'anno dai veicoli del Tpl per la loro capacità media, rapportato alla popolazione residente (posti-Km per abitante). L"'indicatore è riferito ai Comuni capoluogo di provincia e considera le seguenti modalità di Tpl: autobus, tram, filobus, metropolitana, funicolare o funivia (inclusi i servizi ettometrici di navetta a guida automatica), trasporti per vie d"'acqua.',Istat: Indagine Dati ambientali nelle città,,,Valori per abitante,
Annuale,'Valle d"'Aosta / Vallée d"'Aoste',Qualità dei servizi,Posti-km offerti dal Tpl,Totale,2025,2015,857,,,,,'Prodotto del numero complessivo di km percorsi nell"'anno dai veicoli del Tpl per la loro capacità media, rapportato alla popolazione residente (posti-Km per abitante). L"'indicatore è riferito ai Comuni capoluogo di provincia e considera le seguenti modalità di Tpl: autobus, tram, filobus, metropolitana, funicolare o funivia (inclusi i servizi ettometrici di navetta a guida automatica), trasporti per vie d"'acqua.',Istat: Indagine Dati ambientali nelle città,,,Valori per abitante,
Annuale,'Valle d"'Aosta / Vallée d"'Aoste',Qualità dei servizi,Posti-km offerti dal Tpl,Totale,2025,2016,859,,,,,'Prodotto del numero complessivo di km percorsi nell"'anno dai veicoli del Tpl per la loro capacità media, rapportato alla popolazione residente (posti-Km per abitante). L"'indicatore è riferito ai Comuni capoluogo di provincia e considera le seguenti modalità di Tpl: autobus, tram, filobus, metropolitana, funicolare o funivia (inclusi i servizi ettometrici di navetta a guida automatica), trasporti per vie d"'acqua.',Istat: Indagine Dati ambientali nelle città,,,Valori per abitante,
Annuale,'Valle d"'Aosta / Vallée d"'Aoste',Qualità dei servizi,Posti-km offerti dal Tpl,Totale,2025,2017,843,,,,,'Prodotto del numero complessivo di km percorsi nell"'anno dai veicoli del Tpl per la loro capacità media, rapportato alla popolazione residente (posti-Km per abitante). L"'indicatore è riferito ai Comuni capoluogo di provincia e considera le seguenti modalità di Tpl: autobus, tram, filobus, metropolitana, funicolare o funivia (inclusi i servizi ettometrici di navetta a guida automatica), trasporti per vie d"'acqua.',Istat: Indagine Dati ambientali nelle città,,,Valori per abitante,
Annuale,'Valle d"'Aosta / Vallée d"'Aoste',Qualità dei servizi,Posti-km offerti dal Tpl,Totale,2025,2018,755,,,,,'Prodotto del numero complessivo di km percorsi nell"'anno dai veicoli del Tpl per la loro capacità media, rapportato alla popolazione residente (posti-Km per abitante). L"'indicatore è riferito ai Comuni capoluogo di provincia e considera le seguenti modalità di Tpl: autobus, tram, filobus, metropolitana, funicolare o funivia (inclusi i servizi ettometrici di navetta a guida automatica), trasporti per vie d"'acqua.',Istat: Indagine Dati ambientali nelle città,,,Valori per abitante,
Annuale,'Valle d"'Aosta / Vallée d"'Aoste',Qualità dei servizi,Posti-km offerti dal Tpl,Totale,2025,2019,669,,,,,'Prodotto del numero complessivo di km percorsi nell"'anno dai veicoli del Tpl per la loro capacità media, rapportato alla popolazione residente (posti-Km per abitante). L"'indicatore è riferito ai Comuni capoluogo di provincia e considera le seguenti modalità di Tpl: autobus, tram, filobus, metropolitana, funicolare o funivia (inclusi i servizi ettometrici di navetta a guida automatica), trasporti per vie d"'acqua.',Istat: Indagine Dati ambientali nelle città,,,Valori per abitante,
Annuale,'Valle d"'Aosta / Vallée d"'Aoste',Qualità dei servizi,Posti-km offerti dal Tpl,Totale,2025,2020,536,,,,,'Prodotto del numero complessivo di km percorsi nell"'anno dai veicoli del Tpl per la loro capacità media, rapportato alla popolazione residente (posti-Km per abitante). L"'indicatore è riferito ai Comuni capoluogo di provincia e considera le seguenti modalità di Tpl: autobus, tram, filobus, metropolitana, funicolare o funivia (inclusi i servizi ettometrici di navetta a guida automatica), trasporti per vie d"'acqua.',Istat: Indagine Dati ambientali nelle città,,,Valori per abitante,
Annuale,'Valle d"'Aosta / Vallée d"'Aoste',Qualità dei servizi,Posti-km offerti dal Tpl,Totale,2025,2021,650,,,,,'Prodotto del numero complessivo di km percorsi nell"'anno dai veicoli del Tpl per la loro capacità media, rapportato alla popolazione residente (posti-Km per abitante). L"'indicatore è riferito ai Comuni capoluogo di provincia e considera le seguenti modalità di Tpl: autobus, tram, filobus, metropolitana, funicolare o funivia (inclusi i servizi ettometrici di navetta a guida automatica), trasporti per vie d"'acqua.',Istat: Indagine Dati ambientali nelle città,,,Valori per abitante,
Annuale,'Valle d"'Aosta / Vallée d"'Aoste',Qualità dei servizi,Posti-km offerti dal Tpl,Totale,2025,2022,961,,,,,'Prodotto del numero complessivo di km percorsi nell"'anno dai veicoli del Tpl per la loro capacità media, rapportato alla popolazione residente (posti-Km per abitante). L"'indicatore è riferito ai Comuni capoluogo di provincia e considera le seguenti modalità di Tpl: autobus, tram, filobus, metropolitana, funicolare o funivia (inclusi i servizi ettometrici di navetta a guida automatica), trasporti per vie d"'acqua.',Istat: Indagine Dati ambientali nelle città,,,Valori per abitante,
Annuale,'Valle d"'Aosta / Vallée d"'Aoste',Qualità dei servizi,Posti-km offerti dal Tpl,Totale,2025,2023,789,,,,,'Prodotto del numero complessivo di km percorsi nell"'anno dai veicoli del Tpl per la loro capacità media, rapportato alla popolazione residente (posti-Km per abitante). L"'indicatore è riferito ai Comuni capoluogo di provincia e considera le seguenti modalità di Tpl: autobus, tram, filobus, metropolitana, funicolare o funivia (inclusi i servizi ettometrici di navetta a guida automatica), trasporti per vie d"'acqua.',Istat: Indagine Dati ambientali nelle città,,,Valori per abitante,
Annuale,Liguria,Qualità dei servizi,Posti-km offerti dal Tpl,Totale,2025,2014,4090,,,,,'Prodotto del numero complessivo di km percorsi nell"'anno dai veicoli del Tpl per la loro capacità media, rapportato alla popolazione residente (posti-Km per abitante). L"'indicatore è riferito ai Comuni capoluogo di provincia e considera le seguenti modalità di Tpl: autobus, tram, filobus, metropolitana, funicolare o funivia (inclusi i servizi ettometrici di navetta a guida automatica), trasporti per vie d"'acqua.',Istat: Indagine Dati ambientali nelle città,,,Valori per abitante,
Annuale,Liguria,Qualità dei servizi,Posti-km offerti dal Tpl,Totale,2025,2015,4186,,,,,'Prodotto del numero complessivo di km percorsi nell"'anno dai veicoli del Tpl per la loro capacità media, rapportato alla popolazione residente (posti-Km per abitante). L"'indicatore è riferito ai Comuni capoluogo di provincia e considera le seguenti modalità di Tpl: autobus, tram, filobus, metropolitana, funicolare o funivia (inclusi i servizi ettometrici di navetta a guida automatica), trasporti per vie d"'acqua.',Istat: Indagine Dati ambientali nelle città,,,Valori per abitante,
Annuale,Liguria,Qualità dei servizi,Posti-km offerti dal Tpl,Totale,2025,2016,4195,,,,,'Prodotto del numero complessivo di km percorsi nell"'anno dai veicoli del Tpl per la loro capacità media, rapportato alla popolazione residente (posti-Km per abitante). L"'indicatore è riferito ai Comuni capoluogo di provincia e considera le seguenti modalità di Tpl: autobus, tram, filobus, metropolitana, funicolare o funivia (inclusi i servizi ettometrici di navetta a guida automatica), trasporti per vie d"'acqua.',Istat: Indagine Dati ambientali nelle città,,,Valori per abitante,
Annuale,Liguria,Qualità dei servizi,Posti-km offerti dal Tpl,Totale,2025,2017,4178,,,,,'Prodotto del numero complessivo di km percorsi nell"'anno dai veicoli del Tpl per la loro capacità media, rapportato alla popolazione residente (posti-Km per abitante). L"'indicatore è riferito ai Comuni capoluogo di provincia e considera le seguenti modalità di Tpl: autobus, tram, filobus, metropolitana, funicolare o funivia (inclusi i servizi ettometrici di navetta a guida automatica), trasporti per vie d"'acqua.',Istat: Indagine Dati ambientali nelle città,,,Valori per abitante,
Annuale,Liguria,Qualità dei servizi,Posti-km offerti dal Tpl,Totale,2025,2018,4350,,,,,'Prodotto del numero complessivo di km percorsi nell"'anno dai veicoli del Tpl per la loro capacità media, rapportato alla popolazione residente (posti-Km per abitante). L"'indicatore è riferito ai Comuni capoluogo di provincia e considera le seguenti modalità di Tpl: autobus, tram, filobus, metropolitana, funicolare o funivia (inclusi i servizi ettometrici di navetta a guida automatica), trasporti per vie d"'acqua.',Istat: Indagine Dati ambientali nelle città,,,Valori per abitante,
Annuale,Liguria,Qualità dei servizi,Posti-km offerti dal Tpl,Totale,2025,2019,4231,,,,,'Prodotto del numero complessivo di km percorsi nell"'anno dai veicoli del Tpl per la loro capacità media, rapportato alla popolazione residente (posti-Km per abitante). L"'indicatore è riferito ai Comuni capoluogo di provincia e considera le seguenti modalità di Tpl: autobus, tram, filobus, metropolitana, funicolare o funivia (inclusi i servizi ettometrici di navetta a guida automatica), trasporti per vie d"'acqua.',Istat: Indagine Dati ambientali nelle città,,,Valori per abitante,
Annuale,Liguria,Qualità dei servizi,Posti-km offerti dal Tpl,Totale,2025,2020,3243,,,,,'Prodotto del numero complessivo di km percorsi nell"'anno dai veicoli del Tpl per la loro capacità media, rapportato alla popolazione residente (posti-Km per abitante). L"'indicatore è riferito ai Comuni capoluogo di provincia e considera le seguenti modalità di Tpl: autobus, tram, filobus, metropolitana, funicolare o funivia (inclusi i servizi ettometrici di navetta a guida automatica), trasporti per vie d"'acqua.',Istat: Indagine Dati ambientali nelle città,,,Valori per abitante,
Annuale,Liguria,Qualità dei servizi,Posti-km offerti dal Tpl,Totale,2025,2021,4287,,,,,'Prodotto del numero complessivo di km percorsi nell"'anno dai veicoli del Tpl per la loro capacità media, rapportato alla popolazione residente (posti-Km per abitante). L"'indicatore è riferito ai Comuni capoluogo di provincia e considera le seguenti modalità di Tpl: autobus, tram, filobus, metropolitana, funicolare o funivia (inclusi i servizi ettometrici di navetta a guida automatica), trasporti per vie d"'acqua.',Istat: Indagine Dati ambientali nelle città,,,Valori per abitante,
Annuale,Liguria,Qualità dei servizi,Posti-km offerti dal Tpl,Totale,2025,2022,4270,,,,,'Prodotto del numero complessivo di km percorsi nell"'anno dai veicoli del Tpl per la loro capacità media, rapportato alla popolazione residente (posti-Km per abitante). L"'indicatore è riferito ai Comuni capoluogo di provincia e considera le seguenti modalità di Tpl: autobus, tram, filobus, metropolitana, funicolare o funivia (inclusi i servizi ettometrici di navetta a guida automatica), trasporti per vie d"'acqua.',Istat: Indagine Dati ambientali nelle città,,,Valori per abitante,
Annuale,Liguria,Qualità dei servizi,Posti-km offerti dal Tpl,Totale,2025,2023,4219,,,,,'Prodotto del numero complessivo di km percorsi nell"'anno dai veicoli del Tpl per la loro capacità media, rapportato alla popolazione residente (posti-Km per abitante). L"'indicatore è riferito ai Comuni capoluogo di provincia e considera le seguenti modalità di Tpl: autobus, tram, filobus, metropolitana, funicolare o funivia (inclusi i servizi ettometrici di navetta a guida automatica), trasporti per vie d"'acqua.',Istat: Indagine Dati ambientali nelle città,,,Valori per abitante,
Annuale,Lombardia,Qualità dei servizi,Posti-km offerti dal Tpl,Totale,2025,2014,10085,,,,,'Prodotto del numero complessivo di km percorsi nell"'anno dai veicoli del Tpl per la loro capacità media, rapportato alla popolazione residente (posti-Km per abitante). L"'indicatore è riferito ai Comuni capoluogo di provincia e considera le seguenti modalità di Tpl: autobus, tram, filobus, metropolitana, funicolare o funivia (inclusi i servizi ettometrici di navetta a guida automatica), trasporti per vie d"'acqua.',Istat: Indagine Dati ambientali nelle città,,,Valori per abitante,
Annuale,Lombardia,Qualità dei servizi,Posti-km offerti dal Tpl,Totale,2025,2015,10989,,,,,'Prodotto del numero complessivo di km percorsi nell"'anno dai veicoli del Tpl per la loro capacità media, rapportato alla popolazione residente (posti-Km per abitante). L"'indicatore è riferito ai Comuni capoluogo di provincia e considera le seguenti modalità di Tpl: autobus, tram, filobus, metropolitana, funicolare o funivia (inclusi i servizi ettometrici di navetta a guida automatica), trasporti per vie d"'acqua.',Istat: Indagine Dati ambientali nelle città,,,Valori per abitante,
Annuale,Lombardia,Qualità dei servizi,Posti-km offerti dal Tpl,Totale,2025,2016,10457,,,,,'Prodotto del numero complessivo di km percorsi nell"'anno dai veicoli del Tpl per la loro capacità media, rapportato alla popolazione residente (posti-Km per abitante). L"'indicatore è riferito ai Comuni capoluogo di provincia e considera le seguenti modalità di Tpl: autobus, tram, filobus, metropolitana, funicolare o funivia (inclusi i servizi ettometrici di navetta a guida automatica), trasporti per vie d"'acqua.',Istat: Indagine Dati ambientali nelle città,,,Valori per abitante,
Annuale,Lombardia,Qualità dei servizi,Posti-km offerti dal Tpl,Totale,2025,2017,10349,,,,,'Prodotto del numero complessivo di km percorsi nell"'anno dai veicoli del Tpl per la loro capacità media, rapportato alla popolazione residente (posti-Km per abitante). L"'indicatore è riferito ai Comuni capoluogo di provincia e considera le seguenti modalità di Tpl: autobus, tram, filobus, metropolitana, funicolare o funivia (inclusi i servizi ettometrici di navetta a guida automatica), trasporti per vie d"'acqua.',Istat: Indagine Dati ambientali nelle città,,,Valori per abitante,
Annuale,Lombardia,Qualità dei servizi,Posti-km offerti dal Tpl,Totale,2025,2018,10411,,,,,'Prodotto del numero complessivo di km percorsi nell"'anno dai veicoli del Tpl per la loro capacità media, rapportato alla popolazione residente (posti-Km per abitante). L"'indicatore è riferito ai Comuni capoluogo di provincia e considera le seguenti modalità di Tpl: autobus, tram, filobus, metropolitana, funicolare o funivia (inclusi i servizi ettometrici di navetta a guida automatica), trasporti per vie d"'acqua.',Istat: Indagine Dati ambientali nelle città,,,Valori per abitante,
Annuale,Lombardia,Qualità dei servizi,Posti-km offerti dal Tpl,Totale,2025,2019,10886,,,,,'Prodotto del numero complessivo di km percorsi nell"'anno dai veicoli del Tpl per la loro capacità media, rapportato alla popolazione residente (posti-Km per abitante). L"'indicatore è riferito ai Comuni capoluogo di provincia e considera le seguenti modalità di Tpl: autobus, tram, filobus, metropolitana, funicolare o funivia (inclusi i servizi ettometrici di navetta a guida automatica), trasporti per vie d"'acqua.',Istat: Indagine Dati ambientali nelle città,,,Valori per abitante,
Annuale,Lombardia,Qualità dei servizi,Posti-km offerti dal Tpl,Totale,2025,2020,9109,,,,,'Prodotto del numero complessivo di km percorsi nell"'anno dai veicoli del Tpl per la loro capacità media, rapportato alla popolazione residente (posti-Km per abitante). L"'indicatore è riferito ai Comuni capoluogo di provincia e considera le seguenti modalità di Tpl: autobus, tram, filobus, metropolitana, funicolare o funivia (inclusi i servizi ettometrici di navetta a guida automatica), trasporti per vie d"'acqua.',Istat: Indagine Dati ambientali nelle città,,,Valori per abitante,
Annuale,Lombardia,Qualità dei servizi,Posti-km offerti dal Tpl,Totale,2025,2021,11447,,,,,'Prodotto del numero complessivo di km percorsi nell"'anno dai veicoli del Tpl per la loro capacità media, rapportato alla popolazione residente (posti-Km per abitante). L"'indicatore è riferito ai Comuni capoluogo di provincia e considera le seguenti modalità di Tpl: autobus, tram, filobus, metropolitana, funicolare o funivia (inclusi i servizi ettometrici di navetta a guida automatica), trasporti per vie d"'acqua.',Istat: Indagine Dati ambientali nelle città,,,Valori per abitante,
Annuale,Lombardia,Qualità dei servizi,Posti-km offerti dal Tpl,Totale,2025,2022,11244,,,,,'Prodotto del numero complessivo di km percorsi nell"'anno dai veicoli del Tpl per la loro capacità media, rapportato alla popolazione residente (posti-Km per abitante). L"'indicatore è riferito ai Comuni capoluogo di provincia e considera le seguenti modalità di Tpl: autobus, tram, filobus, metropolitana, funicolare o funivia (inclusi i servizi ettometrici di navetta a guida automatica), trasporti per vie d"'acqua.',Istat: Indagine Dati ambientali nelle città,,,Valori per abitante,
Annuale,Lombardia,Qualità dei servizi,Posti-km offerti dal Tpl,Totale,2025,2023,11104,,,,,'Prodotto del numero complessivo di km percorsi nell"'anno dai veicoli del Tpl per la loro capacità media, rapportato alla popolazione residente (posti-Km per abitante). L"'indicatore è riferito ai Comuni capoluogo di provincia e considera le seguenti modalità di Tpl: autobus, tram, filobus, metropolitana, funicolare o funivia (inclusi i servizi ettometrici di navetta a guida automatica), trasporti per vie d"'acqua.',Istat: Indagine Dati ambientali nelle città,,,Valori per abitante,
Annuale,Trentino Alto Adige / Südtirol,Qualità dei servizi,Posti-km offerti dal Tpl,Totale,2025,2014,3576,,,,,'Prodotto del numero complessivo di km percorsi nell"'anno dai veicoli del Tpl per la loro capacità media, rapportato alla popolazione residente (posti-Km per abitante). L"'indicatore è riferito ai Comuni capoluogo di provincia e considera le seguenti modalità di Tpl: autobus, tram, filobus, metropolitana, funicolare o funivia (inclusi i servizi ettometrici di navetta a guida automatica), trasporti per vie d"'acqua.',Istat: Indagine Dati ambientali nelle città,,,Valori per abitante,
Annuale,Trentino Alto Adige / Südtirol,Qualità dei servizi,Posti-km offerti dal Tpl,Totale,2025,2015,3522,,,,,'Prodotto del numero complessivo di km percorsi nell"'anno dai veicoli del Tpl per la loro capacità media, rapportato alla popolazione residente (posti-Km per abitante). L"'indicatore è riferito ai Comuni capoluogo di provincia e considera le seguenti modalità di Tpl: autobus, tram, filobus, metropolitana, funicolare o funivia (inclusi i servizi ettometrici di navetta a guida automatica), trasporti per vie d"'acqua.',Istat: Indagine Dati ambientali nelle città,,,Valori per abitante,
Annuale,Trentino Alto Adige / Südtirol,Qualità dei servizi,Posti-km offerti dal Tpl,Totale,2025,2016,3677,,,,,'Prodotto del numero complessivo di km percorsi nell"'anno dai veicoli del Tpl per la loro capacità media, rapportato alla popolazione residente (posti-Km per abitante). L"'indicatore è riferito ai Comuni capoluogo di provincia e considera le seguenti modalità di Tpl: autobus, tram, filobus, metropolitana, funicolare o funivia (inclusi i servizi ettometrici di navetta a guida automatica), trasporti per vie d"'acqua.',Istat: Indagine Dati ambientali nelle città,,,Valori per abitante,
Annuale,Trentino Alto Adige / Südtirol,Qualità dei servizi,Posti-km offerti dal Tpl,Totale,2025,2017,3688,,,,,'Prodotto del numero complessivo di km percorsi nell"'anno dai veicoli del Tpl per la loro capacità media, rapportato alla popolazione residente (posti-Km per abitante). L"'indicatore è riferito ai Comuni capoluogo di provincia e considera le seguenti modalità di Tpl: autobus, tram, filobus, metropolitana, funicolare o funivia (inclusi i servizi ettometrici di navetta a guida automatica), trasporti per vie d"'acqua.',Istat: Indagine Dati ambientali nelle città,,,Valori per abitante,
Annuale,Trentino Alto Adige / Südtirol,Qualità dei servizi,Posti-km offerti dal Tpl,Totale,2025,2018,3834,,,,,'Prodotto del numero complessivo di km percorsi nell"'anno dai veicoli del Tpl per la loro capacità media, rapportato alla popolazione residente (posti-Km per abitante). L"'indicatore è riferito ai Comuni capoluogo di provincia e considera le seguenti modalità di Tpl: autobus, tram, filobus, metropolitana, funicolare o funivia (inclusi i servizi ettometrici di navetta a guida automatica), trasporti per vie d"'acqua.',Istat: Indagine Dati ambientali nelle città,,,Valori per abitante,
Annuale,Trentino Alto Adige / Südtirol,Qualità dei servizi,Posti-km offerti dal Tpl,Totale,2025,2019,3833,,,,,'Prodotto del numero complessivo di km percorsi nell"'anno dai veicoli del Tpl per la loro capacità media, rapportato alla popolazione residente (posti-Km per abitante). L"'indicatore è riferito ai Comuni capoluogo di provincia e considera le seguenti modalità di Tpl: autobus, tram, filobus, metropolitana, funicolare o funivia (inclusi i servizi ettometrici di navetta a guida automatica), trasporti per vie d"'acqua.',Istat: Indagine Dati ambientali nelle città,,,Valori per abitante,
Annuale,Trentino Alto Adige / Südtirol,Qualità dei servizi,Posti-km offerti dal Tpl,Totale,2025,2020,3287,,,,,'Prodotto del numero complessivo di km percorsi nell"'anno dai veicoli del Tpl per la loro capacità media, rapportato alla popolazione residente (posti-Km per abitante). L"'indicatore è riferito ai Comuni capoluogo di provincia e considera le seguenti modalità di Tpl: autobus, tram, filobus, metropolitana, funicolare o funivia (inclusi i servizi ettometrici di navetta a guida automatica), trasporti per vie d"'acqua.',Istat: Indagine Dati ambientali nelle città,,,Valori per abitante,
Annuale,Trentino Alto Adige / Südtirol,Qualità dei servizi,Posti-km offerti dal Tpl,Totale,2025,2021,4040,,,,,'Prodotto del numero complessivo di km percorsi nell"'anno dai veicoli del Tpl per la loro capacità media, rapportato alla popolazione residente (posti-Km per abitante). L"'indicatore è riferito ai Comuni capoluogo di provincia e considera le seguenti modalità di Tpl: autobus, tram, filobus, metropolitana, funicolare o funivia (inclusi i servizi ettometrici di navetta a guida automatica), trasporti per vie d"'acqua.',Istat: Indagine Dati ambientali nelle città,,,Valori per abitante,
Annuale,Trentino Alto Adige / Südtirol,Qualità dei servizi,Posti-km offerti dal Tpl,Totale,2025,2022,4180,,,,,'Prodotto del numero complessivo di km percorsi nell"'anno dai veicoli del Tpl per la loro capacità media, rapportato alla popolazione residente (posti-Km per abitante). L"'indicatore è riferito ai Comuni capoluogo di provincia e considera le seguenti modalità di Tpl: autobus, tram, filobus, metropolitana, funicolare o funivia (inclusi i servizi ettometrici di navetta a guida automatica), trasporti per vie d"'acqua.',Istat: Indagine Dati ambientali nelle città,,,Valori per abitante,
Annuale,Trentino Alto Adige / Südtirol,Qualità dei servizi,Posti-km offerti dal Tpl,Totale,2025,2023,3871,,,,,'Prodotto del numero complessivo di km percorsi nell"'anno dai veicoli del Tpl per la loro capacità media, rapportato alla popolazione residente (posti-Km per abitante). L"'indicatore è riferito ai Comuni capoluogo di provincia e considera le seguenti modalità di Tpl: autobus, tram, filobus, metropolitana, funicolare o funivia (inclusi i servizi ettometrici di navetta a guida automatica), trasporti per vie d"'acqua.',Istat: Indagine Dati ambientali nelle città,,,Valori per abitante,
Annuale,Veneto,Qualità dei servizi,Posti-km offerti dal Tpl,Totale,2025,2014,5253,,,,,'Prodotto del numero complessivo di km percorsi nell"'anno dai veicoli del Tpl per la loro capacità media, rapportato alla popolazione residente (posti-Km per abitante). L"'indicatore è riferito ai Comuni capoluogo di provincia e considera le seguenti modalità di Tpl: autobus, tram, filobus, metropolitana, funicolare o funivia (inclusi i servizi ettometrici di navetta a guida automatica), trasporti per vie d"'acqua.',Istat: Indagine Dati ambientali nelle città,,,Valori per abitante,
Annuale,Veneto,Qualità dei servizi,Posti-km offerti dal Tpl,Totale,2025,2015,5177,,,,,'Prodotto del numero complessivo di km percorsi nell"'anno dai veicoli del Tpl per la loro capacità media, rapportato alla popolazione residente (posti-Km per abitante). L"'indicatore è riferito ai Comuni capoluogo di provincia e considera le seguenti modalità di Tpl: autobus, tram, filobus, metropolitana, funicolare o funivia (inclusi i servizi ettometrici di navetta a guida automatica), trasporti per vie d"'acqua.',Istat: Indagine Dati ambientali nelle città,,,Valori per abitante,
Annuale,Veneto,Qualità dei servizi,Posti-km offerti dal Tpl,Totale,2025,2016,5339,,,,,'Prodotto del numero complessivo di km percorsi nell"'anno dai veicoli del Tpl per la loro capacità media, rapportato alla popolazione residente (posti-Km per abitante). L"'indicatore è riferito ai Comuni capoluogo di provincia e considera le seguenti modalità di Tpl: autobus, tram, filobus, metropolitana, funicolare o funivia (inclusi i servizi ettometrici di navetta a guida automatica), trasporti per vie d"'acqua.',Istat: Indagine Dati ambientali nelle città,,,Valori per abitante,
Annuale,Veneto,Qualità dei servizi,Posti-km offerti dal Tpl,Totale,2025,2017,5447,,,,,'Prodotto del numero complessivo di km percorsi nell"'anno dai veicoli del Tpl per la loro capacità media, rapportato alla popolazione residente (posti-Km per abitante). L"'indicatore è riferito ai Comuni capoluogo di provincia e considera le seguenti modalità di Tpl: autobus, tram, filobus, metropolitana, funicolare o funivia (inclusi i servizi ettometrici di navetta a guida automatica), trasporti per vie d"'acqua.',Istat: Indagine Dati ambientali nelle città,,,Valori per abitante,
Annuale,Veneto,Qualità dei servizi,Posti-km offerti dal Tpl,Totale,2025,2018,5421,,,,,'Prodotto del numero complessivo di km percorsi nell"'anno dai veicoli del Tpl per la loro capacità media, rapportato alla popolazione residente (posti-Km per abitante). L"'indicatore è riferito ai Comuni capoluogo di provincia e considera le seguenti modalità di Tpl: autobus, tram, filobus, metropolitana, funicolare o funivia (inclusi i servizi ettometrici di navetta a guida automatica), trasporti per vie d"'acqua.',Istat: Indagine Dati ambientali nelle città,,,Valori per abitante,
Annuale,Veneto,Qualità dei servizi,Posti-km offerti dal Tpl,Totale,2025,2019,5392,,,,,'Prodotto del numero complessivo di km percorsi nell"'anno dai veicoli del Tpl per la loro capacità media, rapportato alla popolazione residente (posti-Km per abitante). L"'indicatore è riferito ai Comuni capoluogo di provincia e considera le seguenti modalità di Tpl: autobus, tram, filobus, metropolitana, funicolare o funivia (inclusi i servizi ettometrici di navetta a guida automatica), trasporti per vie d"'acqua.',Istat: Indagine Dati ambientali nelle città,,,Valori per abitante,
Annuale,Veneto,Qualità dei servizi,Posti-km offerti dal Tpl,Totale,2025,2020,4367,,,,,'Prodotto del numero complessivo di km percorsi nell"'anno dai veicoli del Tpl per la loro capacità media, rapportato alla popolazione residente (posti-Km per abitante). L"'indicatore è riferito ai Comuni capoluogo di provincia e considera le seguenti modalità di Tpl: autobus, tram, filobus, metropolitana, funicolare o funivia (inclusi i servizi ettometrici di navetta a guida automatica), trasporti per vie d"'acqua.',Istat: Indagine Dati ambientali nelle città,,,Valori per abitante,
Annuale,Veneto,Qualità dei servizi,Posti-km offerti dal Tpl,Totale,2025,2021,5166,,,,,'Prodotto del numero complessivo di km percorsi nell"'anno dai veicoli del Tpl per la loro capacità media, rapportato alla popolazione residente (posti-Km per abitante). L"'indicatore è riferito ai Comuni capoluogo di provincia e considera le seguenti modalità di Tpl: autobus, tram, filobus, metropolitana, funicolare o funivia (inclusi i servizi ettometrici di navetta a guida automatica), trasporti per vie d"'acqua.',Istat: Indagine Dati ambientali nelle città,,,Valori per abitante,
Annuale,Veneto,Qualità dei servizi,Posti-km offerti dal Tpl,Totale,2025,2022,5289,,,,,'Prodotto del numero complessivo di km percorsi nell"'anno dai veicoli del Tpl per la loro capacità media, rapportato alla popolazione residente (posti-Km per abitante). L"'indicatore è riferito ai Comuni capoluogo di provincia e considera le seguenti modalità di Tpl: autobus, tram, filobus, metropolitana, funicolare o funivia (inclusi i servizi ettometrici di navetta a guida automatica), trasporti per vie d"'acqua.',Istat: Indagine Dati ambientali nelle città,,,Valori per abitante,
Annuale,Veneto,Qualità dei servizi,Posti-km offerti dal Tpl,Totale,2025,2023,5144,,,,,'Prodotto del numero complessivo di km percorsi nell"'anno dai veicoli del Tpl per la loro capacità media, rapportato alla popolazione residente (posti-Km per abitante). L"'indicatore è riferito ai Comuni capoluogo di provincia e considera le seguenti modalità di Tpl: autobus, tram, filobus, metropolitana, funicolare o funivia (inclusi i servizi ettometrici di navetta a guida automatica), trasporti per vie d"'acqua.',Istat: Indagine Dati ambientali nelle città,,,Valori per abitante,
Annuale,Friuli-Venezia Giulia,Qualità dei servizi,Posti-km offerti dal Tpl,Totale,2025,2014,4154,,,,,'Prodotto del numero complessivo di km percorsi nell"'anno dai veicoli del Tpl per la loro capacità media, rapportato alla popolazione residente (posti-Km per abitante). L"'indicatore è riferito ai Comuni capoluogo di provincia e considera le seguenti modalità di Tpl: autobus, tram, filobus, metropolitana, funicolare o funivia (inclusi i servizi ettometrici di navetta a guida automatica), trasporti per vie d"'acqua.',Istat: Indagine Dati ambientali nelle città,,,Valori per abitante,
Annuale,Friuli-Venezia Giulia,Qualità dei servizi,Posti-km offerti dal Tpl,Totale,2025,2015,4112,,,,,'Prodotto del numero complessivo di km percorsi nell"'anno dai veicoli del Tpl per la loro capacità media, rapportato alla popolazione residente (posti-Km per abitante). L"'indicatore è riferito ai Comuni capoluogo di provincia e considera le seguenti modalità di Tpl: autobus, tram, filobus, metropolitana, funicolare o funivia (inclusi i servizi ettometrici di navetta a guida automatica), trasporti per vie d"'acqua.',Istat: Indagine Dati ambientali nelle città,,,Valori per abitante,
Annuale,Friuli-Venezia Giulia,Qualità dei servizi,Posti-km offerti dal Tpl,Totale,2025,2016,4206,,,,,'Prodotto del numero complessivo di km percorsi nell"'anno dai veicoli del Tpl per la loro capacità media, rapportato alla popolazione residente (posti-Km per abitante). L"'indicatore è riferito ai Comuni capoluogo di provincia e considera le seguenti modalità di Tpl: autobus, tram, filobus, metropolitana, funicolare o funivia (inclusi i servizi ettometrici di navetta a guida automatica), trasporti per vie d"'acqua.',Istat: Indagine Dati ambientali nelle città,,,Valori per abitante,
Annuale,Friuli-Venezia Giulia,Qualità dei servizi,Posti-km offerti dal Tpl,Totale,2025,2017,4120,,,,,'Prodotto del numero complessivo di km percorsi nell"'anno dai veicoli del Tpl per la loro capacità media, rapportato alla popolazione residente (posti-Km per abitante). L"'indicatore è riferito ai Comuni capoluogo di provincia e considera le seguenti modalità di Tpl: autobus, tram, filobus, metropolitana, funicolare o funivia (inclusi i servizi ettometrici di navetta a guida automatica), trasporti per vie d"'acqua.',Istat: Indagine Dati ambientali nelle città,,,Valori per abitante,
Annuale,Friuli-Venezia Giulia,Qualità dei servizi,Posti-km offerti dal Tpl,Totale,2025,2018,4125,,,,,'Prodotto del numero complessivo di km percorsi nell"'anno dai veicoli del Tpl per la loro capacità media, rapportato alla popolazione residente (posti-Km per abitante). L"'indicatore è riferito ai Comuni capoluogo di provincia e considera le seguenti modalità di Tpl: autobus, tram, filobus, metropolitana, funicolare o funivia (inclusi i servizi ettometrici di navetta a guida automatica), trasporti per vie d"'acqua.',Istat: Indagine Dati ambientali nelle città,,,Valori per abitante,
Annuale,Friuli-Venezia Giulia,Qualità dei servizi,Posti-km offerti dal Tpl,Totale,2025,2019,4164,,,,,'Prodotto del numero complessivo di km percorsi nell"'anno dai veicoli del Tpl per la loro capacità media, rapportato alla popolazione residente (posti-Km per abitante). L"'indicatore è riferito ai Comuni capoluogo di provincia e considera le seguenti modalità di Tpl: autobus, tram, filobus, metropolitana, funicolare o funivia (inclusi i servizi ettometrici di navetta a guida automatica), trasporti per vie d"'acqua.',Istat: Indagine Dati ambientali nelle città,,,Valori per abitante,
Annuale,Friuli-Venezia Giulia,Qualità dei servizi,Posti-km offerti dal Tpl,Totale,2025,2020,3260,,,,,'Prodotto del numero complessivo di km percorsi nell"'anno dai veicoli del Tpl per la loro capacità media, rapportato alla popolazione residente (posti-Km per abitante). L"'indicatore è riferito ai Comuni capoluogo di provincia e considera le seguenti modalità di Tpl: autobus, tram, filobus, metropolitana, funicolare o funivia (inclusi i servizi ettometrici di navetta a guida automatica), trasporti per vie d"'acqua.',Istat: Indagine Dati ambientali nelle città,,,Valori per abitante,
Annuale,Friuli-Venezia Giulia,Qualità dei servizi,Posti-km offerti dal Tpl,Totale,2025,2021,4082,,,,,'Prodotto del numero complessivo di km percorsi nell"'anno dai veicoli del Tpl per la loro capacità media, rapportato alla popolazione residente (posti-Km per abitante). L"'indicatore è riferito ai Comuni capoluogo di provincia e considera le seguenti modalità di Tpl: autobus, tram, filobus, metropolitana, funicolare o funivia (inclusi i servizi ettometrici di navetta a guida automatica), trasporti per vie d"'acqua.',Istat: Indagine Dati ambientali nelle città,,,Valori per abitante,
Annuale,Friuli-Venezia Giulia,Qualità dei servizi,Posti-km offerti dal Tpl,Totale,2025,2022,4416,,,,,'Prodotto del numero complessivo di km percorsi nell"'anno dai veicoli del Tpl per la loro capacità media, rapportato alla popolazione residente (posti-Km per abitante). L"'indicatore è riferito ai Comuni capoluogo di provincia e considera le seguenti modalità di Tpl: autobus, tram, filobus, metropolitana, funicolare o funivia (inclusi i servizi ettometrici di navetta a guida automatica), trasporti per vie d"'acqua.',Istat: Indagine Dati ambientali nelle città,,,Valori per abitante,
Annuale,Friuli-Venezia Giulia,Qualità dei servizi,Posti-km offerti dal Tpl,Totale,2025,2023,4434,,,,,'Prodotto del numero complessivo di km percorsi nell"'anno dai veicoli del Tpl per la loro capacità media, rapportato alla popolazione residente (posti-Km per abitante). L"'indicatore è riferito ai Comuni capoluogo di provincia e considera le seguenti modalità di Tpl: autobus, tram, filobus, metropolitana, funicolare o funivia (inclusi i servizi ettometrici di navetta a guida automatica), trasporti per vie d"'acqua.',Istat: Indagine Dati ambientali nelle città,,,Valori per abitante,
Annuale,Emilia-Romagna,Qualità dei servizi,Posti-km offerti dal Tpl,Totale,2025,2014,2691,,,,,'Prodotto del numero complessivo di km percorsi nell"'anno dai veicoli del Tpl per la loro capacità media, rapportato alla popolazione residente (posti-Km per abitante). L"'indicatore è riferito ai Comuni capoluogo di provincia e considera le seguenti modalità di Tpl: autobus, tram, filobus, metropolitana, funicolare o funivia (inclusi i servizi ettometrici di navetta a guida automatica), trasporti per vie d"'acqua.',Istat: Indagine Dati ambientali nelle città,,,Valori per abitante,
Annuale,Emilia-Romagna,Qualità dei servizi,Posti-km offerti dal Tpl,Totale,2025,2015,2719,,,,,'Prodotto del numero complessivo di km percorsi nell"'anno dai veicoli del Tpl per la loro capacità media, rapportato alla popolazione residente (posti-Km per abitante). L"'indicatore è riferito ai Comuni capoluogo di provincia e considera le seguenti modalità di Tpl: autobus, tram, filobus, metropolitana, funicolare o funivia (inclusi i servizi ettometrici di navetta a guida automatica), trasporti per vie d"'acqua.',Istat: Indagine Dati ambientali nelle città,,,Valori per abitante,
Annuale,Emilia-Romagna,Qualità dei servizi,Posti-km offerti dal Tpl,Totale,2025,2016,2664,,,,,'Prodotto del numero complessivo di km percorsi nell"'anno dai veicoli del Tpl per la loro capacità media, rapportato alla popolazione residente (posti-Km per abitante). L"'indicatore è riferito ai Comuni capoluogo di provincia e considera le seguenti modalità di Tpl: autobus, tram, filobus, metropolitana, funicolare o funivia (inclusi i servizi ettometrici di navetta a guida automatica), trasporti per vie d"'acqua.',Istat: Indagine Dati ambientali nelle città,,,Valori per abitante,
Annuale,Emilia-Romagna,Qualità dei servizi,Posti-km offerti dal Tpl,Totale,2025,2017,2783,,,,,'Prodotto del numero complessivo di km percorsi nell"'anno dai veicoli del Tpl per la loro capacità media, rapportato alla popolazione residente (posti-Km per abitante). L"'indicatore è riferito ai Comuni capoluogo di provincia e considera le seguenti modalità di Tpl: autobus, tram, filobus, metropolitana, funicolare o funivia (inclusi i servizi ettometrici di navetta a guida automatica), trasporti per vie d"'acqua.',Istat: Indagine Dati ambientali nelle città,,,Valori per abitante,
Annuale,Emilia-Romagna,Qualità dei servizi,Posti-km offerti dal Tpl,Totale,2025,2018,2789,,,,,'Prodotto del numero complessivo di km percorsi nell"'anno dai veicoli del Tpl per la loro capacità media, rapportato alla popolazione residente (posti-Km per abitante). L"'indicatore è riferito ai Comuni capoluogo di provincia e considera le seguenti modalità di Tpl: autobus, tram, filobus, metropolitana, funicolare o funivia (inclusi i servizi ettometrici di navetta a guida automatica), trasporti per vie d"'acqua.',Istat: Indagine Dati ambientali nelle città,,,Valori per abitante,
Annuale,Emilia-Romagna,Qualità dei servizi,Posti-km offerti dal Tpl,Totale,2025,2019,2811,,,,,'Prodotto del numero complessivo di km percorsi nell"'anno dai veicoli del Tpl per la loro capacità media, rapportato alla popolazione residente (posti-Km per abitante). L"'indicatore è riferito ai Comuni capoluogo di provincia e considera le seguenti modalità di Tpl: autobus, tram, filobus, metropolitana, funicolare o funivia (inclusi i servizi ettometrici di navetta a guida automatica), trasporti per vie d"'acqua.',Istat: Indagine Dati ambientali nelle città,,,Valori per abitante,
Annuale,Emilia-Romagna,Qualità dei servizi,Posti-km offerti dal Tpl,Totale,2025,2020,2280,,,,,'Prodotto del numero complessivo di km percorsi nell"'anno dai veicoli del Tpl per la loro capacità media, rapportato alla popolazione residente (posti-Km per abitante). L"'indicatore è riferito ai Comuni capoluogo di provincia e considera le seguenti modalità di Tpl: autobus, tram, filobus, metropolitana, funicolare o funivia (inclusi i servizi ettometrici di navetta a guida automatica), trasporti per vie d"'acqua.',Istat: Indagine Dati ambientali nelle città,,,Valori per abitante,
Annuale,Emilia-Romagna,Qualità dei servizi,Posti-km offerti dal Tpl,Totale,2025,2021,2807,,,,,'Prodotto del numero complessivo di km percorsi nell"'anno dai veicoli del Tpl per la loro capacità media, rapportato alla popolazione residente (posti-Km per abitante). L"'indicatore è riferito ai Comuni capoluogo di provincia e considera le seguenti modalità di Tpl: autobus, tram, filobus, metropolitana, funicolare o funivia (inclusi i servizi ettometrici di navetta a guida automatica), trasporti per vie d"'acqua.',Istat: Indagine Dati ambientali nelle città,,,Valori per abitante,
Annuale,Emilia-Romagna,Qualità dei servizi,Posti-km offerti dal Tpl,Totale,2025,2022,2841,,,,,'Prodotto del numero complessivo di km percorsi nell"'anno dai veicoli del Tpl per la loro capacità media, rapportato alla popolazione residente (posti-Km per abitante). L"'indicatore è riferito ai Comuni capoluogo di provincia e considera le seguenti modalità di Tpl: autobus, tram, filobus, metropolitana, funicolare o funivia (inclusi i servizi ettometrici di navetta a guida automatica), trasporti per vie d"'acqua.',Istat: Indagine Dati ambientali nelle città,,,Valori per abitante,
Annuale,Emilia-Romagna,Qualità dei servizi,Posti-km offerti dal Tpl,Totale,2025,2023,2764,,,,,'Prodotto del numero complessivo di km percorsi nell"'anno dai veicoli del Tpl per la loro capacità media, rapportato alla popolazione residente (posti-Km per abitante). L"'indicatore è riferito ai Comuni capoluogo di provincia e considera le seguenti modalità di Tpl: autobus, tram, filobus, metropolitana, funicolare o funivia (inclusi i servizi ettometrici di navetta a guida automatica), trasporti per vie d"'acqua.',Istat: Indagine Dati ambientali nelle città,,,Valori per abitante,
Annuale,Toscana,Qualità dei servizi,Posti-km offerti dal Tpl,Totale,2025,2014,2652,,,,,'Prodotto del numero complessivo di km percorsi nell"'anno dai veicoli del Tpl per la loro capacità media, rapportato alla popolazione residente (posti-Km per abitante). L"'indicatore è riferito ai Comuni capoluogo di provincia e considera le seguenti modalità di Tpl: autobus, tram, filobus, metropolitana, funicolare o funivia (inclusi i servizi ettometrici di navetta a guida automatica), trasporti per vie d"'acqua.',Istat: Indagine Dati ambientali nelle città,,,Valori per abitante,
Annuale,Toscana,Qualità dei servizi,Posti-km offerti dal Tpl,Totale,2025,2015,2720,,,,,'Prodotto del numero complessivo di km percorsi nell"'anno dai veicoli del Tpl per la loro capacità media, rapportato alla popolazione residente (posti-Km per abitante). L"'indicatore è riferito ai Comuni capoluogo di provincia e considera le seguenti modalità di Tpl: autobus, tram, filobus, metropolitana, funicolare o funivia (inclusi i servizi ettometrici di navetta a guida automatica), trasporti per vie d"'acqua.',Istat: Indagine Dati ambientali nelle città,,,Valori per abitante,
Annuale,Toscana,Qualità dei servizi,Posti-km offerti dal Tpl,Totale,2025,2016,2735,,,,,'Prodotto del numero complessivo di km percorsi nell"'anno dai veicoli del Tpl per la loro capacità media, rapportato alla popolazione residente (posti-Km per abitante). L"'indicatore è riferito ai Comuni capoluogo di provincia e considera le seguenti modalità di Tpl: autobus, tram, filobus, metropolitana, funicolare o funivia (inclusi i servizi ettometrici di navetta a guida automatica), trasporti per vie d"'acqua.',Istat: Indagine Dati ambientali nelle città,,,Valori per abitante,
Annuale,Toscana,Qualità dei servizi,Posti-km offerti dal Tpl,Totale,2025,2017,2741,,,,,'Prodotto del numero complessivo di km percorsi nell"'anno dai veicoli del Tpl per la loro capacità media, rapportato alla popolazione residente (posti-Km per abitante). L"'indicatore è riferito ai Comuni capoluogo di provincia e considera le seguenti modalità di Tpl: autobus, tram, filobus, metropolitana, funicolare o funivia (inclusi i servizi ettometrici di navetta a guida automatica), trasporti per vie d"'acqua.',Istat: Indagine Dati ambientali nelle città,,,Valori per abitante,
Annuale,Toscana,Qualità dei servizi,Posti-km offerti dal Tpl,Totale,2025,2018,2827,,,,,'Prodotto del numero complessivo di km percorsi nell"'anno dai veicoli del Tpl per la loro capacità media, rapportato alla popolazione residente (posti-Km per abitante). L"'indicatore è riferito ai Comuni capoluogo di provincia e considera le seguenti modalità di Tpl: autobus, tram, filobus, metropolitana, funicolare o funivia (inclusi i servizi ettometrici di navetta a guida automatica), trasporti per vie d"'acqua.',Istat: Indagine Dati ambientali nelle città,,,Valori per abitante,
Annuale,Toscana,Qualità dei servizi,Posti-km offerti dal Tpl,Totale,2025,2019,3106,,,,,'Prodotto del numero complessivo di km percorsi nell"'anno dai veicoli del Tpl per la loro capacità media, rapportato alla popolazione residente (posti-Km per abitante). L"'indicatore è riferito ai Comuni capoluogo di provincia e considera le seguenti modalità di Tpl: autobus, tram, filobus, metropolitana, funicolare o funivia (inclusi i servizi ettometrici di navetta a guida automatica), trasporti per vie d"'acqua.',Istat: Indagine Dati ambientali nelle città,,,Valori per abitante,
Annuale,Toscana,Qualità dei servizi,Posti-km offerti dal Tpl,Totale,2025,2020,2181,,,,,'Prodotto del numero complessivo di km percorsi nell"'anno dai veicoli del Tpl per la loro capacità media, rapportato alla popolazione residente (posti-Km per abitante). L"'indicatore è riferito ai Comuni capoluogo di provincia e considera le seguenti modalità di Tpl: autobus, tram, filobus, metropolitana, funicolare o funivia (inclusi i servizi ettometrici di navetta a guida automatica), trasporti per vie d"'acqua.',Istat: Indagine Dati ambientali nelle città,,,Valori per abitante,
Annuale,Toscana,Qualità dei servizi,Posti-km offerti dal Tpl,Totale,2025,2021,2836,,,,,'Prodotto del numero complessivo di km percorsi nell"'anno dai veicoli del Tpl per la loro capacità media, rapportato alla popolazione residente (posti-Km per abitante). L"'indicatore è riferito ai Comuni capoluogo di provincia e considera le seguenti modalità di Tpl: autobus, tram, filobus, metropolitana, funicolare o funivia (inclusi i servizi ettometrici di navetta a guida automatica), trasporti per vie d"'acqua.',Istat: Indagine Dati ambientali nelle città,,,Valori per abitante,
Annuale,Toscana,Qualità dei servizi,Posti-km offerti dal Tpl,Totale,2025,2022,3032,,,,,'Prodotto del numero complessivo di km percorsi nell"'anno dai veicoli del Tpl per la loro capacità media, rapportato alla popolazione residente (posti-Km per abitante). L"'indicatore è riferito ai Comuni capoluogo di provincia e considera le seguenti modalità di Tpl: autobus, tram, filobus, metropolitana, funicolare o funivia (inclusi i servizi ettometrici di navetta a guida automatica), trasporti per vie d"'acqua.',Istat: Indagine Dati ambientali nelle città,,,Valori per abitante,
Annuale,Toscana,Qualità dei servizi,Posti-km offerti dal Tpl,Totale,2025,2023,3156,,,,,'Prodotto del numero complessivo di km percorsi nell"'anno dai veicoli del Tpl per la loro capacità media, rapportato alla popolazione residente (posti-Km per abitante). L"'indicatore è riferito ai Comuni capoluogo di provincia e considera le seguenti modalità di Tpl: autobus, tram, filobus, metropolitana, funicolare o funivia (inclusi i servizi ettometrici di navetta a guida automatica), trasporti per vie d"'acqua.',Istat: Indagine Dati ambientali nelle città,,,Valori per abitante,
Annuale,Umbria,Qualità dei servizi,Posti-km offerti dal Tpl,Totale,2025,2014,1961,,,,,'Prodotto del numero complessivo di km percorsi nell"'anno dai veicoli del Tpl per la loro capacità media, rapportato alla popolazione residente (posti-Km per abitante). L"'indicatore è riferito ai Comuni capoluogo di provincia e considera le seguenti modalità di Tpl: autobus, tram, filobus, metropolitana, funicolare o funivia (inclusi i servizi ettometrici di navetta a guida automatica), trasporti per vie d"'acqua.',Istat: Indagine Dati ambientali nelle città,,,Valori per abitante,
Annuale,Umbria,Qualità dei servizi,Posti-km offerti dal Tpl,Totale,2025,2015,1952,,,,,'Prodotto del numero complessivo di km percorsi nell"'anno dai veicoli del Tpl per la loro capacità media, rapportato alla popolazione residente (posti-Km per abitante). L"'indicatore è riferito ai Comuni capoluogo di provincia e considera le seguenti modalità di Tpl: autobus, tram, filobus, metropolitana, funicolare o funivia (inclusi i servizi ettometrici di navetta a guida automatica), trasporti per vie d"'acqua.',Istat: Indagine Dati ambientali nelle città,,,Valori per abitante,
Annuale,Umbria,Qualità dei servizi,Posti-km offerti dal Tpl,Totale,2025,2016,2038,,,,,'Prodotto del numero complessivo di km percorsi nell"'anno dai veicoli del Tpl per la loro capacità media, rapportato alla popolazione residente (posti-Km per abitante). L"'indicatore è riferito ai Comuni capoluogo di provincia e considera le seguenti modalità di Tpl: autobus, tram, filobus, metropolitana, funicolare o funivia (inclusi i servizi ettometrici di navetta a guida automatica), trasporti per vie d"'acqua.',Istat: Indagine Dati ambientali nelle città,,,Valori per abitante,
Annuale,Umbria,Qualità dei servizi,Posti-km offerti dal Tpl,Totale,2025,2017,2094,,,,,'Prodotto del numero complessivo di km percorsi nell"'anno dai veicoli del Tpl per la loro capacità media, rapportato alla popolazione residente (posti-Km per abitante). L"'indicatore è riferito ai Comuni capoluogo di provincia e considera le seguenti modalità di Tpl: autobus, tram, filobus, metropolitana, funicolare o funivia (inclusi i servizi ettometrici di navetta a guida automatica), trasporti per vie d"'acqua.',Istat: Indagine Dati ambientali nelle città,,,Valori per abitante,
Annuale,Umbria,Qualità dei servizi,Posti-km offerti dal Tpl,Totale,2025,2018,1808,,,,,'Prodotto del numero complessivo di km percorsi nell"'anno dai veicoli del Tpl per la loro capacità media, rapportato alla popolazione residente (posti-Km per abitante). L"'indicatore è riferito ai Comuni capoluogo di provincia e considera le seguenti modalità di Tpl: autobus, tram, filobus, metropolitana, funicolare o funivia (inclusi i servizi ettometrici di navetta a guida automatica), trasporti per vie d"'acqua.',Istat: Indagine Dati ambientali nelle città,,,Valori per abitante,
Annuale,Umbria,Qualità dei servizi,Posti-km offerti dal Tpl,Totale,2025,2019,1814,,,,,'Prodotto del numero complessivo di km percorsi nell"'anno dai veicoli del Tpl per la loro capacità media, rapportato alla popolazione residente (posti-Km per abitante). L"'indicatore è riferito ai Comuni capoluogo di provincia e considera le seguenti modalità di Tpl: autobus, tram, filobus, metropolitana, funicolare o funivia (inclusi i servizi ettometrici di navetta a guida automatica), trasporti per vie d"'acqua.',Istat: Indagine Dati ambientali nelle città,,,Valori per abitante,
Annuale,Umbria,Qualità dei servizi,Posti-km offerti dal Tpl,Totale,2025,2020,1376,,,,,'Prodotto del numero complessivo di km percorsi nell"'anno dai veicoli del Tpl per la loro capacità media, rapportato alla popolazione residente (posti-Km per abitante). L"'indicatore è riferito ai Comuni capoluogo di provincia e considera le seguenti modalità di Tpl: autobus, tram, filobus, metropolitana, funicolare o funivia (inclusi i servizi ettometrici di navetta a guida automatica), trasporti per vie d"'acqua.',Istat: Indagine Dati ambientali nelle città,,,Valori per abitante,
Annuale,Umbria,Qualità dei servizi,Posti-km offerti dal Tpl,Totale,2025,2021,1841,,,,,'Prodotto del numero complessivo di km percorsi nell"'anno dai veicoli del Tpl per la loro capacità media, rapportato alla popolazione residente (posti-Km per abitante). L"'indicatore è riferito ai Comuni capoluogo di provincia e considera le seguenti modalità di Tpl: autobus, tram, filobus, metropolitana, funicolare o funivia (inclusi i servizi ettometrici di navetta a guida automatica), trasporti per vie d"'acqua.',Istat: Indagine Dati ambientali nelle città,,,Valori per abitante,
Annuale,Umbria,Qualità dei servizi,Posti-km offerti dal Tpl,Totale,2025,2022,1853,,,,,'Prodotto del numero complessivo di km percorsi nell"'anno dai veicoli del Tpl per la loro capacità media, rapportato alla popolazione residente (posti-Km per abitante). L"'indicatore è riferito ai Comuni capoluogo di provincia e considera le seguenti modalità di Tpl: autobus, tram, filobus, metropolitana, funicolare o funivia (inclusi i servizi ettometrici di navetta a guida automatica), trasporti per vie d"'acqua.',Istat: Indagine Dati ambientali nelle città,,,Valori per abitante,
Annuale,Umbria,Qualità dei servizi,Posti-km offerti dal Tpl,Totale,2025,2023,1856,,,,,'Prodotto del numero complessivo di km percorsi nell"'anno dai veicoli del Tpl per la loro capacità media, rapportato alla popolazione residente (posti-Km per abitante). L"'indicatore è riferito ai Comuni capoluogo di provincia e considera le seguenti modalità di Tpl: autobus, tram, filobus, metropolitana, funicolare o funivia (inclusi i servizi ettometrici di navetta a guida automatica), trasporti per vie d"'acqua.',Istat: Indagine Dati ambientali nelle città,,,Valori per abitante,
Annuale,Marche,Qualità dei servizi,Posti-km offerti dal Tpl,Totale,2025,2014,2287,,,,,'Prodotto del numero complessivo di km percorsi nell"'anno dai veicoli del Tpl per la loro capacità media, rapportato alla popolazione residente (posti-Km per abitante). L"'indicatore è riferito ai Comuni capoluogo di provincia e considera le seguenti modalità di Tpl: autobus, tram, filobus, metropolitana, funicolare o funivia (inclusi i servizi ettometrici di navetta a guida automatica), trasporti per vie d"'acqua.',Istat: Indagine Dati ambientali nelle città,,,Valori per abitante,
Annuale,Marche,Qualità dei servizi,Posti-km offerti dal Tpl,Totale,2025,2015,2091,,,,,'Prodotto del numero complessivo di km percorsi nell"'anno dai veicoli del Tpl per la loro capacità media, rapportato alla popolazione residente (posti-Km per abitante). L"'indicatore è riferito ai Comuni capoluogo di provincia e considera le seguenti modalità di Tpl: autobus, tram, filobus, metropolitana, funicolare o funivia (inclusi i servizi ettometrici di navetta a guida automatica), trasporti per vie d"'acqua.',Istat: Indagine Dati ambientali nelle città,,,Valori per abitante,
Annuale,Marche,Qualità dei servizi,Posti-km offerti dal Tpl,Totale,2025,2016,2119,,,,,'Prodotto del numero complessivo di km percorsi nell"'anno dai veicoli del Tpl per la loro capacità media, rapportato alla popolazione residente (posti-Km per abitante). L"'indicatore è riferito ai Comuni capoluogo di provincia e considera le seguenti modalità di Tpl: autobus, tram, filobus, metropolitana, funicolare o funivia (inclusi i servizi ettometrici di navetta a guida automatica), trasporti per vie d"'acqua.',Istat: Indagine Dati ambientali nelle città,,,Valori per abitante,
Annuale,Marche,Qualità dei servizi,Posti-km offerti dal Tpl,Totale,2025,2017,2119,,,,,'Prodotto del numero complessivo di km percorsi nell"'anno dai veicoli del Tpl per la loro capacità media, rapportato alla popolazione residente (posti-Km per abitante). L"'indicatore è riferito ai Comuni capoluogo di provincia e considera le seguenti modalità di Tpl: autobus, tram, filobus, metropolitana, funicolare o funivia (inclusi i servizi ettometrici di navetta a guida automatica), trasporti per vie d"'acqua.',Istat: Indagine Dati ambientali nelle città,,,Valori per abitante,
Annuale,Marche,Qualità dei servizi,Posti-km offerti dal Tpl,Totale,2025,2018,2158,,,,,'Prodotto del numero complessivo di km percorsi nell"'anno dai veicoli del Tpl per la loro capacità media, rapportato alla popolazione residente (posti-Km per abitante). L"'indicatore è riferito ai Comuni capoluogo di provincia e considera le seguenti modalità di Tpl: autobus, tram, filobus, metropolitana, funicolare o funivia (inclusi i servizi ettometrici di navetta a guida automatica), trasporti per vie d"'acqua.',Istat: Indagine Dati ambientali nelle città,,,Valori per abitante,
Annuale,Marche,Qualità dei servizi,Posti-km offerti dal Tpl,Totale,2025,2019,2220,,,,,'Prodotto del numero complessivo di km percorsi nell"'anno dai veicoli del Tpl per la loro capacità media, rapportato alla popolazione residente (posti-Km per abitante). L"'indicatore è riferito ai Comuni capoluogo di provincia e considera le seguenti modalità di Tpl: autobus, tram, filobus, metropolitana, funicolare o funivia (inclusi i servizi ettometrici di navetta a guida automatica), trasporti per vie d"'acqua.',Istat: Indagine Dati ambientali nelle città,,,Valori per abitante,
Annuale,Marche,Qualità dei servizi,Posti-km offerti dal Tpl,Totale,2025,2020,1668,,,,,'Prodotto del numero complessivo di km percorsi nell"'anno dai veicoli del Tpl per la loro capacità media, rapportato alla popolazione residente (posti-Km per abitante). L"'indicatore è riferito ai Comuni capoluogo di provincia e considera le seguenti modalità di Tpl: autobus, tram, filobus, metropolitana, funicolare o funivia (inclusi i servizi ettometrici di navetta a guida automatica), trasporti per vie d"'acqua.',Istat: Indagine Dati ambientali nelle città,,,Valori per abitante,
Annuale,Marche,Qualità dei servizi,Posti-km offerti dal Tpl,Totale,2025,2021,2121,,,,,'Prodotto del numero complessivo di km percorsi nell"'anno dai veicoli del Tpl per la loro capacità media, rapportato alla popolazione residente (posti-Km per abitante). L"'indicatore è riferito ai Comuni capoluogo di provincia e considera le seguenti modalità di Tpl: autobus, tram, filobus, metropolitana, funicolare o funivia (inclusi i servizi ettometrici di navetta a guida automatica), trasporti per vie d"'acqua.',Istat: Indagine Dati ambientali nelle città,,,Valori per abitante,
Annuale,Marche,Qualità dei servizi,Posti-km offerti dal Tpl,Totale,2025,2022,2092,,,,,'Prodotto del numero complessivo di km percorsi nell"'anno dai veicoli del Tpl per la loro capacità media, rapportato alla popolazione residente (posti-Km per abitante). L"'indicatore è riferito ai Comuni capoluogo di provincia e considera le seguenti modalità di Tpl: autobus, tram, filobus, metropolitana, funicolare o funivia (inclusi i servizi ettometrici di navetta a guida automatica), trasporti per vie d"'acqua.',Istat: Indagine Dati ambientali nelle città,,,Valori per abitante,
Annuale,Marche,Qualità dei servizi,Posti-km offerti dal Tpl,Totale,2025,2023,2015,,,,,'Prodotto del numero complessivo di km percorsi nell"'anno dai veicoli del Tpl per la loro capacità media, rapportato alla popolazione residente (posti-Km per abitante). L"'indicatore è riferito ai Comuni capoluogo di provincia e considera le seguenti modalità di Tpl: autobus, tram, filobus, metropolitana, funicolare o funivia (inclusi i servizi ettometrici di navetta a guida automatica), trasporti per vie d"'acqua.',Istat: Indagine Dati ambientali nelle città,,,Valori per abitante,
Annuale,Lazio,Qualità dei servizi,Posti-km offerti dal Tpl,Totale,2025,2014,7133,,,,,'Prodotto del numero complessivo di km percorsi nell"'anno dai veicoli del Tpl per la loro capacità media, rapportato alla popolazione residente (posti-Km per abitante). L"'indicatore è riferito ai Comuni capoluogo di provincia e considera le seguenti modalità di Tpl: autobus, tram, filobus, metropolitana, funicolare o funivia (inclusi i servizi ettometrici di navetta a guida automatica), trasporti per vie d"'acqua.',Istat: Indagine Dati ambientali nelle città,,,Valori per abitante,
Annuale,Lazio,Qualità dei servizi,Posti-km offerti dal Tpl,Totale,2025,2015,7002,,,,,'Prodotto del numero complessivo di km percorsi nell"'anno dai veicoli del Tpl per la loro capacità media, rapportato alla popolazione residente (posti-Km per abitante). L"'indicatore è riferito ai Comuni capoluogo di provincia e considera le seguenti modalità di Tpl: autobus, tram, filobus, metropolitana, funicolare o funivia (inclusi i servizi ettometrici di navetta a guida automatica), trasporti per vie d"'acqua.',Istat: Indagine Dati ambientali nelle città,,,Valori per abitante,
Annuale,Lazio,Qualità dei servizi,Posti-km offerti dal Tpl,Totale,2025,2016,7172,,,,,'Prodotto del numero complessivo di km percorsi nell"'anno dai veicoli del Tpl per la loro capacità media, rapportato alla popolazione residente (posti-Km per abitante). L"'indicatore è riferito ai Comuni capoluogo di provincia e considera le seguenti modalità di Tpl: autobus, tram, filobus, metropolitana, funicolare o funivia (inclusi i servizi ettometrici di navetta a guida automatica), trasporti per vie d"'acqua.',Istat: Indagine Dati ambientali nelle città,,,Valori per abitante,
Annuale,Lazio,Qualità dei servizi,Posti-km offerti dal Tpl,Totale,2025,2017,6587,,,,,'Prodotto del numero complessivo di km percorsi nell"'anno dai veicoli del Tpl per la loro capacità media, rapportato alla popolazione residente (posti-Km per abitante). L"'indicatore è riferito ai Comuni capoluogo di provincia e considera le seguenti modalità di Tpl: autobus, tram, filobus, metropolitana, funicolare o funivia (inclusi i servizi ettometrici di navetta a guida automatica), trasporti per vie d"'acqua.',Istat: Indagine Dati ambientali nelle città,,,Valori per abitante,
Annuale,Lazio,Qualità dei servizi,Posti-km offerti dal Tpl,Totale,2025,2018,6469,,,,,'Prodotto del numero complessivo di km percorsi nell"'anno dai veicoli del Tpl per la loro capacità media, rapportato alla popolazione residente (posti-Km per abitante). L"'indicatore è riferito ai Comuni capoluogo di provincia e considera le seguenti modalità di Tpl: autobus, tram, filobus, metropolitana, funicolare o funivia (inclusi i servizi ettometrici di navetta a guida automatica), trasporti per vie d"'acqua.',Istat: Indagine Dati ambientali nelle città,,,Valori per abitante,
Annuale,Lazio,Qualità dei servizi,Posti-km offerti dal Tpl,Totale,2025,2019,6370,,,,,'Prodotto del numero complessivo di km percorsi nell"'anno dai veicoli del Tpl per la loro capacità media, rapportato alla popolazione residente (posti-Km per abitante). L"'indicatore è riferito ai Comuni capoluogo di provincia e considera le seguenti modalità di Tpl: autobus, tram, filobus, metropolitana, funicolare o funivia (inclusi i servizi ettometrici di navetta a guida automatica), trasporti per vie d"'acqua.',Istat: Indagine Dati ambientali nelle città,,,Valori per abitante,
Annuale,Lazio,Qualità dei servizi,Posti-km offerti dal Tpl,Totale,2025,2020,5567,,,,,'Prodotto del numero complessivo di km percorsi nell"'anno dai veicoli del Tpl per la loro capacità media, rapportato alla popolazione residente (posti-Km per abitante). L"'indicatore è riferito ai Comuni capoluogo di provincia e considera le seguenti modalità di Tpl: autobus, tram, filobus, metropolitana, funicolare o funivia (inclusi i servizi ettometrici di navetta a guida automatica), trasporti per vie d"'acqua.',Istat: Indagine Dati ambientali nelle città,,,Valori per abitante,
Annuale,Lazio,Qualità dei servizi,Posti-km offerti dal Tpl,Totale,2025,2021,7455,,,,,'Prodotto del numero complessivo di km percorsi nell"'anno dai veicoli del Tpl per la loro capacità media, rapportato alla popolazione residente (posti-Km per abitante). L"'indicatore è riferito ai Comuni capoluogo di provincia e considera le seguenti modalità di Tpl: autobus, tram, filobus, metropolitana, funicolare o funivia (inclusi i servizi ettometrici di navetta a guida automatica), trasporti per vie d"'acqua.',Istat: Indagine Dati ambientali nelle città,,,Valori per abitante,
Annuale,Lazio,Qualità dei servizi,Posti-km offerti dal Tpl,Totale,2025,2022,7049,,,,,'Prodotto del numero complessivo di km percorsi nell"'anno dai veicoli del Tpl per la loro capacità media, rapportato alla popolazione residente (posti-Km per abitante). L"'indicatore è riferito ai Comuni capoluogo di provincia e considera le seguenti modalità di Tpl: autobus, tram, filobus, metropolitana, funicolare o funivia (inclusi i servizi ettometrici di navetta a guida automatica), trasporti per vie d"'acqua.',Istat: Indagine Dati ambientali nelle città,,,Valori per abitante,
Annuale,Lazio,Qualità dei servizi,Posti-km offerti dal Tpl,Totale,2025,2023,6639,,,,,'Prodotto del numero complessivo di km percorsi nell"'anno dai veicoli del Tpl per la loro capacità media, rapportato alla popolazione residente (posti-Km per abitante). L"'indicatore è riferito ai Comuni capoluogo di provincia e considera le seguenti modalità di Tpl: autobus, tram, filobus, metropolitana, funicolare o funivia (inclusi i servizi ettometrici di navetta a guida automatica), trasporti per vie d"'acqua.',Istat: Indagine Dati ambientali nelle città,,,Valori per abitante,
Annuale,Abruzzo,Qualità dei servizi,Posti-km offerti dal Tpl,Totale,2025,2014,2195,,,,,'Prodotto del numero complessivo di km percorsi nell"'anno dai veicoli del Tpl per la loro capacità media, rapportato alla popolazione residente (posti-Km per abitante). L"'indicatore è riferito ai Comuni capoluogo di provincia e considera le seguenti modalità di Tpl: autobus, tram, filobus, metropolitana, funicolare o funivia (inclusi i servizi ettometrici di navetta a guida automatica), trasporti per vie d"'acqua.',Istat: Indagine Dati ambientali nelle città,,,Valori per abitante,
Annuale,Abruzzo,Qualità dei servizi,Posti-km offerti dal Tpl,Totale,2025,2015,2177,,,,,'Prodotto del numero complessivo di km percorsi nell"'anno dai veicoli del Tpl per la loro capacità media, rapportato alla popolazione residente (posti-Km per abitante). L"'indicatore è riferito ai Comuni capoluogo di provincia e considera le seguenti modalità di Tpl: autobus, tram, filobus, metropolitana, funicolare o funivia (inclusi i servizi ettometrici di navetta a guida automatica), trasporti per vie d"'acqua.',Istat: Indagine Dati ambientali nelle città,,,Valori per abitante,
Annuale,Abruzzo,Qualità dei servizi,Posti-km offerti dal Tpl,Totale,2025,2016,2191,,,,,'Prodotto del numero complessivo di km percorsi nell"'anno dai veicoli del Tpl per la loro capacità media, rapportato alla popolazione residente (posti-Km per abitante). L"'indicatore è riferito ai Comuni capoluogo di provincia e considera le seguenti modalità di Tpl: autobus, tram, filobus, metropolitana, funicolare o funivia (inclusi i servizi ettometrici di navetta a guida automatica), trasporti per vie d"'acqua.',Istat: Indagine Dati ambientali nelle città,,,Valori per abitante,
Annuale,Abruzzo,Qualità dei servizi,Posti-km offerti dal Tpl,Totale,2025,2017,2209,,,,,'Prodotto del numero complessivo di km percorsi nell"'anno dai veicoli del Tpl per la loro capacità media, rapportato alla popolazione residente (posti-Km per abitante). L"'indicatore è riferito ai Comuni capoluogo di provincia e considera le seguenti modalità di Tpl: autobus, tram, filobus, metropolitana, funicolare o funivia (inclusi i servizi ettometrici di navetta a guida automatica), trasporti per vie d"'acqua.',Istat: Indagine Dati ambientali nelle città,,,Valori per abitante,
Annuale,Abruzzo,Qualità dei servizi,Posti-km offerti dal Tpl,Totale,2025,2018,2340,,,,,'Prodotto del numero complessivo di km percorsi nell"'anno dai veicoli del Tpl per la loro capacità media, rapportato alla popolazione residente (posti-Km per abitante). L"'indicatore è riferito ai Comuni capoluogo di provincia e considera le seguenti modalità di Tpl: autobus, tram, filobus, metropolitana, funicolare o funivia (inclusi i servizi ettometrici di navetta a guida automatica), trasporti per vie d"'acqua.',Istat: Indagine Dati ambientali nelle città,,,Valori per abitante,
Annuale,Abruzzo,Qualità dei servizi,Posti-km offerti dal Tpl,Totale,2025,2019,2502,,,,,'Prodotto del numero complessivo di km percorsi nell"'anno dai veicoli del Tpl per la loro capacità media, rapportato alla popolazione residente (posti-Km per abitante). L"'indicatore è riferito ai Comuni capoluogo di provincia e considera le seguenti modalità di Tpl: autobus, tram, filobus, metropolitana, funicolare o funivia (inclusi i servizi ettometrici di navetta a guida automatica), trasporti per vie d"'acqua.',Istat: Indagine Dati ambientali nelle città,,,Valori per abitante,
Annuale,Abruzzo,Qualità dei servizi,Posti-km offerti dal Tpl,Totale,2025,2020,1758,,,,,'Prodotto del numero complessivo di km percorsi nell"'anno dai veicoli del Tpl per la loro capacità media, rapportato alla popolazione residente (posti-Km per abitante). L"'indicatore è riferito ai Comuni capoluogo di provincia e considera le seguenti modalità di Tpl: autobus, tram, filobus, metropolitana, funicolare o funivia (inclusi i servizi ettometrici di navetta a guida automatica), trasporti per vie d"'acqua.',Istat: Indagine Dati ambientali nelle città,,,Valori per abitante,
Annuale,Abruzzo,Qualità dei servizi,Posti-km offerti dal Tpl,Totale,2025,2021,2315,,,,,'Prodotto del numero complessivo di km percorsi nell"'anno dai veicoli del Tpl per la loro capacità media, rapportato alla popolazione residente (posti-Km per abitante). L"'indicatore è riferito ai Comuni capoluogo di provincia e considera le seguenti modalità di Tpl: autobus, tram, filobus, metropolitana, funicolare o funivia (inclusi i servizi ettometrici di navetta a guida automatica), trasporti per vie d"'acqua.',Istat: Indagine Dati ambientali nelle città,,,Valori per abitante,
Annuale,Abruzzo,Qualità dei servizi,Posti-km offerti dal Tpl,Totale,2025,2022,2638,,,,,'Prodotto del numero complessivo di km percorsi nell"'anno dai veicoli del Tpl per la loro capacità media, rapportato alla popolazione residente (posti-Km per abitante). L"'indicatore è riferito ai Comuni capoluogo di provincia e considera le seguenti modalità di Tpl: autobus, tram, filobus, metropolitana, funicolare o funivia (inclusi i servizi ettometrici di navetta a guida automatica), trasporti per vie d"'acqua.',Istat: Indagine Dati ambientali nelle città,,,Valori per abitante,
Annuale,Abruzzo,Qualità dei servizi,Posti-km offerti dal Tpl,Totale,2025,2023,2690,,,,,'Prodotto del numero complessivo di km percorsi nell"'anno dai veicoli del Tpl per la loro capacità media, rapportato alla popolazione residente (posti-Km per abitante). L"'indicatore è riferito ai Comuni capoluogo di provincia e considera le seguenti modalità di Tpl: autobus, tram, filobus, metropolitana, funicolare o funivia (inclusi i servizi ettometrici di navetta a guida automatica), trasporti per vie d"'acqua.',Istat: Indagine Dati ambientali nelle città,,,Valori per abitante,
Annuale,Molise,Qualità dei servizi,Posti-km offerti dal Tpl,Totale,2025,2014,797,,,,,'Prodotto del numero complessivo di km percorsi nell"'anno dai veicoli del Tpl per la loro capacità media, rapportato alla popolazione residente (posti-Km per abitante). L"'indicatore è riferito ai Comuni capoluogo di provincia e considera le seguenti modalità di Tpl: autobus, tram, filobus, metropolitana, funicolare o funivia (inclusi i servizi ettometrici di navetta a guida automatica), trasporti per vie d"'acqua.',Istat: Indagine Dati ambientali nelle città,,,Valori per abitante,
Annuale,Molise,Qualità dei servizi,Posti-km offerti dal Tpl,Totale,2025,2015,799,,,,,'Prodotto del numero complessivo di km percorsi nell"'anno dai veicoli del Tpl per la loro capacità media, rapportato alla popolazione residente (posti-Km per abitante). L"'indicatore è riferito ai Comuni capoluogo di provincia e considera le seguenti modalità di Tpl: autobus, tram, filobus, metropolitana, funicolare o funivia (inclusi i servizi ettometrici di navetta a guida automatica), trasporti per vie d"'acqua.',Istat: Indagine Dati ambientali nelle città,,,Valori per abitante,
Annuale,Molise,Qualità dei servizi,Posti-km offerti dal Tpl,Totale,2025,2016,805,,,,,'Prodotto del numero complessivo di km percorsi nell"'anno dai veicoli del Tpl per la loro capacità media, rapportato alla popolazione residente (posti-Km per abitante). L"'indicatore è riferito ai Comuni capoluogo di provincia e considera le seguenti modalità di Tpl: autobus, tram, filobus, metropolitana, funicolare o funivia (inclusi i servizi ettometrici di navetta a guida automatica), trasporti per vie d"'acqua.',Istat: Indagine Dati ambientali nelle città,,,Valori per abitante,
Annuale,Molise,Qualità dei servizi,Posti-km offerti dal Tpl,Totale,2025,2017,881,,,,,'Prodotto del numero complessivo di km percorsi nell"'anno dai veicoli del Tpl per la loro capacità media, rapportato alla popolazione residente (posti-Km per abitante). L"'indicatore è riferito ai Comuni capoluogo di provincia e considera le seguenti modalità di Tpl: autobus, tram, filobus, metropolitana, funicolare o funivia (inclusi i servizi ettometrici di navetta a guida automatica), trasporti per vie d"'acqua.',Istat: Indagine Dati ambientali nelle città,,,Valori per abitante,
Annuale,Molise,Qualità dei servizi,Posti-km offerti dal Tpl,Totale,2025,2018,823,,,,,'Prodotto del numero complessivo di km percorsi nell"'anno dai veicoli del Tpl per la loro capacità media, rapportato alla popolazione residente (posti-Km per abitante). L"'indicatore è riferito ai Comuni capoluogo di provincia e considera le seguenti modalità di Tpl: autobus, tram, filobus, metropolitana, funicolare o funivia (inclusi i servizi ettometrici di navetta a guida automatica), trasporti per vie d"'acqua.',Istat: Indagine Dati ambientali nelle città,,,Valori per abitante,
Annuale,Molise,Qualità dei servizi,Posti-km offerti dal Tpl,Totale,2025,2019,774,,,,,'Prodotto del numero complessivo di km percorsi nell"'anno dai veicoli del Tpl per la loro capacità media, rapportato alla popolazione residente (posti-Km per abitante). L"'indicatore è riferito ai Comuni capoluogo di provincia e considera le seguenti modalità di Tpl: autobus, tram, filobus, metropolitana, funicolare o funivia (inclusi i servizi ettometrici di navetta a guida automatica), trasporti per vie d"'acqua.',Istat: Indagine Dati ambientali nelle città,,,Valori per abitante,
Annuale,Molise,Qualità dei servizi,Posti-km offerti dal Tpl,Totale,2025,2020,383,,,,,'Prodotto del numero complessivo di km percorsi nell"'anno dai veicoli del Tpl per la loro capacità media, rapportato alla popolazione residente (posti-Km per abitante). L"'indicatore è riferito ai Comuni capoluogo di provincia e considera le seguenti modalità di Tpl: autobus, tram, filobus, metropolitana, funicolare o funivia (inclusi i servizi ettometrici di navetta a guida automatica), trasporti per vie d"'acqua.',Istat: Indagine Dati ambientali nelle città,,,Valori per abitante,
Annuale,Molise,Qualità dei servizi,Posti-km offerti dal Tpl,Totale,2025,2021,387,,,,,'Prodotto del numero complessivo di km percorsi nell"'anno dai veicoli del Tpl per la loro capacità media, rapportato alla popolazione residente (posti-Km per abitante). L"'indicatore è riferito ai Comuni capoluogo di provincia e considera le seguenti modalità di Tpl: autobus, tram, filobus, metropolitana, funicolare o funivia (inclusi i servizi ettometrici di navetta a guida automatica), trasporti per vie d"'acqua.',Istat: Indagine Dati ambientali nelle città,,,Valori per abitante,
Annuale,Molise,Qualità dei servizi,Posti-km offerti dal Tpl,Totale,2025,2022,577,,,,,'Prodotto del numero complessivo di km percorsi nell"'anno dai veicoli del Tpl per la loro capacità media, rapportato alla popolazione residente (posti-Km per abitante). L"'indicatore è riferito ai Comuni capoluogo di provincia e considera le seguenti modalità di Tpl: autobus, tram, filobus, metropolitana, funicolare o funivia (inclusi i servizi ettometrici di navetta a guida automatica), trasporti per vie d"'acqua.',Istat: Indagine Dati ambientali nelle città,,,Valori per abitante,
Annuale,Molise,Qualità dei servizi,Posti-km offerti dal Tpl,Totale,2025,2023,768,,,,,'Prodotto del numero complessivo di km percorsi nell"'anno dai veicoli del Tpl per la loro capacità media, rapportato alla popolazione residente (posti-Km per abitante). L"'indicatore è riferito ai Comuni capoluogo di provincia e considera le seguenti modalità di Tpl: autobus, tram, filobus, metropolitana, funicolare o funivia (inclusi i servizi ettometrici di navetta a guida automatica), trasporti per vie d"'acqua.',Istat: Indagine Dati ambientali nelle città,,,Valori per abitante,
Annuale,Campania,Qualità dei servizi,Posti-km offerti dal Tpl,Totale,2025,2014,2365,,,,,'Prodotto del numero complessivo di km percorsi nell"'anno dai veicoli del Tpl per la loro capacità media, rapportato alla popolazione residente (posti-Km per abitante). L"'indicatore è riferito ai Comuni capoluogo di provincia e considera le seguenti modalità di Tpl: autobus, tram, filobus, metropolitana, funicolare o funivia (inclusi i servizi ettometrici di navetta a guida automatica), trasporti per vie d"'acqua.',Istat: Indagine Dati ambientali nelle città,,,Valori per abitante,
Annuale,Campania,Qualità dei servizi,Posti-km offerti dal Tpl,Totale,2025,2015,2212,,,,,'Prodotto del numero complessivo di km percorsi nell"'anno dai veicoli del Tpl per la loro capacità media, rapportato alla popolazione residente (posti-Km per abitante). L"'indicatore è riferito ai Comuni capoluogo di provincia e considera le seguenti modalità di Tpl: autobus, tram, filobus, metropolitana, funicolare o funivia (inclusi i servizi ettometrici di navetta a guida automatica), trasporti per vie d"'acqua.',Istat: Indagine Dati ambientali nelle città,,,Valori per abitante,
Annuale,Campania,Qualità dei servizi,Posti-km offerti dal Tpl,Totale,2025,2016,2171,,,,,'Prodotto del numero complessivo di km percorsi nell"'anno dai veicoli del Tpl per la loro capacità media, rapportato alla popolazione residente (posti-Km per abitante). L"'indicatore è riferito ai Comuni capoluogo di provincia e considera le seguenti modalità di Tpl: autobus, tram, filobus, metropolitana, funicolare o funivia (inclusi i servizi ettometrici di navetta a guida automatica), trasporti per vie d"'acqua.',Istat: Indagine Dati ambientali nelle città,,,Valori per abitante,
Annuale,Campania,Qualità dei servizi,Posti-km offerti dal Tpl,Totale,2025,2017,2140,,,,,'Prodotto del numero complessivo di km percorsi nell"'anno dai veicoli del Tpl per la loro capacità media, rapportato alla popolazione residente (posti-Km per abitante). L"'indicatore è riferito ai Comuni capoluogo di provincia e considera le seguenti modalità di Tpl: autobus, tram, filobus, metropolitana, funicolare o funivia (inclusi i servizi ettometrici di navetta a guida automatica), trasporti per vie d"'acqua.',Istat: Indagine Dati ambientali nelle città,,,Valori per abitante,
Annuale,Campania,Qualità dei servizi,Posti-km offerti dal Tpl,Totale,2025,2018,2012,,,,,'Prodotto del numero complessivo di km percorsi nell"'anno dai veicoli del Tpl per la loro capacità media, rapportato alla popolazione residente (posti-Km per abitante). L"'indicatore è riferito ai Comuni capoluogo di provincia e considera le seguenti modalità di Tpl: autobus, tram, filobus, metropolitana, funicolare o funivia (inclusi i servizi ettometrici di navetta a guida automatica), trasporti per vie d"'acqua.',Istat: Indagine Dati ambientali nelle città,,,Valori per abitante,
Annuale,Campania,Qualità dei servizi,Posti-km offerti dal Tpl,Totale,2025,2019,1903,,,,,'Prodotto del numero complessivo di km percorsi nell"'anno dai veicoli del Tpl per la loro capacità media, rapportato alla popolazione residente (posti-Km per abitante). L"'indicatore è riferito ai Comuni capoluogo di provincia e considera le seguenti modalità di Tpl: autobus, tram, filobus, metropolitana, funicolare o funivia (inclusi i servizi ettometrici di navetta a guida automatica), trasporti per vie d"'acqua.',Istat: Indagine Dati ambientali nelle città,,,Valori per abitante,
Annuale,Campania,Qualità dei servizi,Posti-km offerti dal Tpl,Totale,2025,2020,1585,,,,,'Prodotto del numero complessivo di km percorsi nell"'anno dai veicoli del Tpl per la loro capacità media, rapportato alla popolazione residente (posti-Km per abitante). L"'indicatore è riferito ai Comuni capoluogo di provincia e considera le seguenti modalità di Tpl: autobus, tram, filobus, metropolitana, funicolare o funivia (inclusi i servizi ettometrici di navetta a guida automatica), trasporti per vie d"'acqua.',Istat: Indagine Dati ambientali nelle città,,,Valori per abitante,
Annuale,Campania,Qualità dei servizi,Posti-km offerti dal Tpl,Totale,2025,2021,2113,,,,,'Prodotto del numero complessivo di km percorsi nell"'anno dai veicoli del Tpl per la loro capacità media, rapportato alla popolazione residente (posti-Km per abitante). L"'indicatore è riferito ai Comuni capoluogo di provincia e considera le seguenti modalità di Tpl: autobus, tram, filobus, metropolitana, funicolare o funivia (inclusi i servizi ettometrici di navetta a guida automatica), trasporti per vie d"'acqua.',Istat: Indagine Dati ambientali nelle città,,,Valori per abitante,
Annuale,Campania,Qualità dei servizi,Posti-km offerti dal Tpl,Totale,2025,2022,1691,,,,,'Prodotto del numero complessivo di km percorsi nell"'anno dai veicoli del Tpl per la loro capacità media, rapportato alla popolazione residente (posti-Km per abitante). L"'indicatore è riferito ai Comuni capoluogo di provincia e considera le seguenti modalità di Tpl: autobus, tram, filobus, metropolitana, funicolare o funivia (inclusi i servizi ettometrici di navetta a guida automatica), trasporti per vie d"'acqua.',Istat: Indagine Dati ambientali nelle città,,,Valori per abitante,
Annuale,Campania,Qualità dei servizi,Posti-km offerti dal Tpl,Totale,2025,2023,2142,,,,,'Prodotto del numero complessivo di km percorsi nell"'anno dai veicoli del Tpl per la loro capacità media, rapportato alla popolazione residente (posti-Km per abitante). L"'indicatore è riferito ai Comuni capoluogo di provincia e considera le seguenti modalità di Tpl: autobus, tram, filobus, metropolitana, funicolare o funivia (inclusi i servizi ettometrici di navetta a guida automatica), trasporti per vie d"'acqua.',Istat: Indagine Dati ambientali nelle città,,,Valori per abitante,
Annuale,Puglia,Qualità dei servizi,Posti-km offerti dal Tpl,Totale,2025,2014,2172,,,,,'Prodotto del numero complessivo di km percorsi nell"'anno dai veicoli del Tpl per la loro capacità media, rapportato alla popolazione residente (posti-Km per abitante). L"'indicatore è riferito ai Comuni capoluogo di provincia e considera le seguenti modalità di Tpl: autobus, tram, filobus, metropolitana, funicolare o funivia (inclusi i servizi ettometrici di navetta a guida automatica), trasporti per vie d"'acqua.',Istat: Indagine Dati ambientali nelle città,,,Valori per abitante,
Annuale,Puglia,Qualità dei servizi,Posti-km offerti dal Tpl,Totale,2025,2015,2152,,,,,'Prodotto del numero complessivo di km percorsi nell"'anno dai veicoli del Tpl per la loro capacità media, rapportato alla popolazione residente (posti-Km per abitante). L"'indicatore è riferito ai Comuni capoluogo di provincia e considera le seguenti modalità di Tpl: autobus, tram, filobus, metropolitana, funicolare o funivia (inclusi i servizi ettometrici di navetta a guida automatica), trasporti per vie d"'acqua.',Istat: Indagine Dati ambientali nelle città,,,Valori per abitante,
Annuale,Puglia,Qualità dei servizi,Posti-km offerti dal Tpl,Totale,2025,2016,2313,,,,,'Prodotto del numero complessivo di km percorsi nell"'anno dai veicoli del Tpl per la loro capacità media, rapportato alla popolazione residente (posti-Km per abitante). L"'indicatore è riferito ai Comuni capoluogo di provincia e considera le seguenti modalità di Tpl: autobus, tram, filobus, metropolitana, funicolare o funivia (inclusi i servizi ettometrici di navetta a guida automatica), trasporti per vie d"'acqua.',Istat: Indagine Dati ambientali nelle città,,,Valori per abitante,
Annuale,Puglia,Qualità dei servizi,Posti-km offerti dal Tpl,Totale,2025,2017,2282,,,,,'Prodotto del numero complessivo di km percorsi nell"'anno dai veicoli del Tpl per la loro capacità media, rapportato alla popolazione residente (posti-Km per abitante). L"'indicatore è riferito ai Comuni capoluogo di provincia e considera le seguenti modalità di Tpl: autobus, tram, filobus, metropolitana, funicolare o funivia (inclusi i servizi ettometrici di navetta a guida automatica), trasporti per vie d"'acqua.',Istat: Indagine Dati ambientali nelle città,,,Valori per abitante,
Annuale,Puglia,Qualità dei servizi,Posti-km offerti dal Tpl,Totale,2025,2018,2152,,,,,'Prodotto del numero complessivo di km percorsi nell"'anno dai veicoli del Tpl per la loro capacità media, rapportato alla popolazione residente (posti-Km per abitante). L"'indicatore è riferito ai Comuni capoluogo di provincia e considera le seguenti modalità di Tpl: autobus, tram, filobus, metropolitana, funicolare o funivia (inclusi i servizi ettometrici di navetta a guida automatica), trasporti per vie d"'acqua.',Istat: Indagine Dati ambientali nelle città,,,Valori per abitante,
Annuale,Puglia,Qualità dei servizi,Posti-km offerti dal Tpl,Totale,2025,2019,1952,,,,,'Prodotto del numero complessivo di km percorsi nell"'anno dai veicoli del Tpl per la loro capacità media, rapportato alla popolazione residente (posti-Km per abitante). L"'indicatore è riferito ai Comuni capoluogo di provincia e considera le seguenti modalità di Tpl: autobus, tram, filobus, metropolitana, funicolare o funivia (inclusi i servizi ettometrici di navetta a guida automatica), trasporti per vie d"'acqua.',Istat: Indagine Dati ambientali nelle città,,,Valori per abitante,
Annuale,Puglia,Qualità dei servizi,Posti-km offerti dal Tpl,Totale,2025,2020,1518,,,,,'Prodotto del numero complessivo di km percorsi nell"'anno dai veicoli del Tpl per la loro capacità media, rapportato alla popolazione residente (posti-Km per abitante). L"'indicatore è riferito ai Comuni capoluogo di provincia e considera le seguenti modalità di Tpl: autobus, tram, filobus, metropolitana, funicolare o funivia (inclusi i servizi ettometrici di navetta a guida automatica), trasporti per vie d"'acqua.',Istat: Indagine Dati ambientali nelle città,,,Valori per abitante,
Annuale,Puglia,Qualità dei servizi,Posti-km offerti dal Tpl,Totale,2025,2021,2168,,,,,'Prodotto del numero complessivo di km percorsi nell"'anno dai veicoli del Tpl per la loro capacità media, rapportato alla popolazione residente (posti-Km per abitante). L"'indicatore è riferito ai Comuni capoluogo di provincia e considera le seguenti modalità di Tpl: autobus, tram, filobus, metropolitana, funicolare o funivia (inclusi i servizi ettometrici di navetta a guida automatica), trasporti per vie d"'acqua.',Istat: Indagine Dati ambientali nelle città,,,Valori per abitante,
Annuale,Puglia,Qualità dei servizi,Posti-km offerti dal Tpl,Totale,2025,2022,2274,,,,,'Prodotto del numero complessivo di km percorsi nell"'anno dai veicoli del Tpl per la loro capacità media, rapportato alla popolazione residente (posti-Km per abitante). L"'indicatore è riferito ai Comuni capoluogo di provincia e considera le seguenti modalità di Tpl: autobus, tram, filobus, metropolitana, funicolare o funivia (inclusi i servizi ettometrici di navetta a guida automatica), trasporti per vie d"'acqua.',Istat: Indagine Dati ambientali nelle città,,,Valori per abitante,
Annuale,Puglia,Qualità dei servizi,Posti-km offerti dal Tpl,Totale,2025,2023,2160,,,,,'Prodotto del numero complessivo di km percorsi nell"'anno dai veicoli del Tpl per la loro capacità media, rapportato alla popolazione residente (posti-Km per abitante). L"'indicatore è riferito ai Comuni capoluogo di provincia e considera le seguenti modalità di Tpl: autobus, tram, filobus, metropolitana, funicolare o funivia (inclusi i servizi ettometrici di navetta a guida automatica), trasporti per vie d"'acqua.',Istat: Indagine Dati ambientali nelle città,,,Valori per abitante,
Annuale,Basilicata,Qualità dei servizi,Posti-km offerti dal Tpl,Totale,2025,2014,1457,,,,,'Prodotto del numero complessivo di km percorsi nell"'anno dai veicoli del Tpl per la loro capacità media, rapportato alla popolazione residente (posti-Km per abitante). L"'indicatore è riferito ai Comuni capoluogo di provincia e considera le seguenti modalità di Tpl: autobus, tram, filobus, metropolitana, funicolare o funivia (inclusi i servizi ettometrici di navetta a guida automatica), trasporti per vie d"'acqua.',Istat: Indagine Dati ambientali nelle città,,,Valori per abitante,
Annuale,Basilicata,Qualità dei servizi,Posti-km offerti dal Tpl,Totale,2025,2015,1340,,,,,'Prodotto del numero complessivo di km percorsi nell"'anno dai veicoli del Tpl per la loro capacità media, rapportato alla popolazione residente (posti-Km per abitante). L"'indicatore è riferito ai Comuni capoluogo di provincia e considera le seguenti modalità di Tpl: autobus, tram, filobus, metropolitana, funicolare o funivia (inclusi i servizi ettometrici di navetta a guida automatica), trasporti per vie d"'acqua.',Istat: Indagine Dati ambientali nelle città,,,Valori per abitante,
Annuale,Basilicata,Qualità dei servizi,Posti-km offerti dal Tpl,Totale,2025,2016,1085,,,,,'Prodotto del numero complessivo di km percorsi nell"'anno dai veicoli del Tpl per la loro capacità media, rapportato alla popolazione residente (posti-Km per abitante). L"'indicatore è riferito ai Comuni capoluogo di provincia e considera le seguenti modalità di Tpl: autobus, tram, filobus, metropolitana, funicolare o funivia (inclusi i servizi ettometrici di navetta a guida automatica), trasporti per vie d"'acqua.',Istat: Indagine Dati ambientali nelle città,,,Valori per abitante,
Annuale,Basilicata,Qualità dei servizi,Posti-km offerti dal Tpl,Totale,2025,2017,1125,,,,,'Prodotto del numero complessivo di km percorsi nell"'anno dai veicoli del Tpl per la loro capacità media, rapportato alla popolazione residente (posti-Km per abitante). L"'indicatore è riferito ai Comuni capoluogo di provincia e considera le seguenti modalità di Tpl: autobus, tram, filobus, metropolitana, funicolare o funivia (inclusi i servizi ettometrici di navetta a guida automatica), trasporti per vie d"'acqua.',Istat: Indagine Dati ambientali nelle città,,,Valori per abitante,
Annuale,Basilicata,Qualità dei servizi,Posti-km offerti dal Tpl,Totale,2025,2018,1184,,,,,'Prodotto del numero complessivo di km percorsi nell"'anno dai veicoli del Tpl per la loro capacità media, rapportato alla popolazione residente (posti-Km per abitante). L"'indicatore è riferito ai Comuni capoluogo di provincia e considera le seguenti modalità di Tpl: autobus, tram, filobus, metropolitana, funicolare o funivia (inclusi i servizi ettometrici di navetta a guida automatica), trasporti per vie d"'acqua.',Istat: Indagine Dati ambientali nelle città,,,Valori per abitante,
Annuale,Basilicata,Qualità dei servizi,Posti-km offerti dal Tpl,Totale,2025,2019,1111,,,,,'Prodotto del numero complessivo di km percorsi nell"'anno dai veicoli del Tpl per la loro capacità media, rapportato alla popolazione residente (posti-Km per abitante). L"'indicatore è riferito ai Comuni capoluogo di provincia e considera le seguenti modalità di Tpl: autobus, tram, filobus, metropolitana, funicolare o funivia (inclusi i servizi ettometrici di navetta a guida automatica), trasporti per vie d"'acqua.',Istat: Indagine Dati ambientali nelle città,,,Valori per abitante,
Annuale,Basilicata,Qualità dei servizi,Posti-km offerti dal Tpl,Totale,2025,2020,801,,,,,'Prodotto del numero complessivo di km percorsi nell"'anno dai veicoli del Tpl per la loro capacità media, rapportato alla popolazione residente (posti-Km per abitante). L"'indicatore è riferito ai Comuni capoluogo di provincia e considera le seguenti modalità di Tpl: autobus, tram, filobus, metropolitana, funicolare o funivia (inclusi i servizi ettometrici di navetta a guida automatica), trasporti per vie d"'acqua.',Istat: Indagine Dati ambientali nelle città,,,Valori per abitante,
Annuale,Basilicata,Qualità dei servizi,Posti-km offerti dal Tpl,Totale,2025,2021,1210,,,,,'Prodotto del numero complessivo di km percorsi nell"'anno dai veicoli del Tpl per la loro capacità media, rapportato alla popolazione residente (posti-Km per abitante). L"'indicatore è riferito ai Comuni capoluogo di provincia e considera le seguenti modalità di Tpl: autobus, tram, filobus, metropolitana, funicolare o funivia (inclusi i servizi ettometrici di navetta a guida automatica), trasporti per vie d"'acqua.',Istat: Indagine Dati ambientali nelle città,,,Valori per abitante,
Annuale,Basilicata,Qualità dei servizi,Posti-km offerti dal Tpl,Totale,2025,2022,1219,,,,,'Prodotto del numero complessivo di km percorsi nell"'anno dai veicoli del Tpl per la loro capacità media, rapportato alla popolazione residente (posti-Km per abitante). L"'indicatore è riferito ai Comuni capoluogo di provincia e considera le seguenti modalità di Tpl: autobus, tram, filobus, metropolitana, funicolare o funivia (inclusi i servizi ettometrici di navetta a guida automatica), trasporti per vie d"'acqua.',Istat: Indagine Dati ambientali nelle città,,,Valori per abitante,
Annuale,Basilicata,Qualità dei servizi,Posti-km offerti dal Tpl,Totale,2025,2023,1135,,,,,'Prodotto del numero complessivo di km percorsi nell"'anno dai veicoli del Tpl per la loro capacità media, rapportato alla popolazione residente (posti-Km per abitante). L"'indicatore è riferito ai Comuni capoluogo di provincia e considera le seguenti modalità di Tpl: autobus, tram, filobus, metropolitana, funicolare o funivia (inclusi i servizi ettometrici di navetta a guida automatica), trasporti per vie d"'acqua.',Istat: Indagine Dati ambientali nelle città,,,Valori per abitante,
Annuale,Calabria,Qualità dei servizi,Posti-km offerti dal Tpl,Totale,2025,2014,1985,,,,,'Prodotto del numero complessivo di km percorsi nell"'anno dai veicoli del Tpl per la loro capacità media, rapportato alla popolazione residente (posti-Km per abitante). L"'indicatore è riferito ai Comuni capoluogo di provincia e considera le seguenti modalità di Tpl: autobus, tram, filobus, metropolitana, funicolare o funivia (inclusi i servizi ettometrici di navetta a guida automatica), trasporti per vie d"'acqua.',Istat: Indagine Dati ambientali nelle città,,,Valori per abitante,
Annuale,Calabria,Qualità dei servizi,Posti-km offerti dal Tpl,Totale,2025,2015,1964,,,,,'Prodotto del numero complessivo di km percorsi nell"'anno dai veicoli del Tpl per la loro capacità media, rapportato alla popolazione residente (posti-Km per abitante). L"'indicatore è riferito ai Comuni capoluogo di provincia e considera le seguenti modalità di Tpl: autobus, tram, filobus, metropolitana, funicolare o funivia (inclusi i servizi ettometrici di navetta a guida automatica), trasporti per vie d"'acqua.',Istat: Indagine Dati ambientali nelle città,,,Valori per abitante,
Annuale,Calabria,Qualità dei servizi,Posti-km offerti dal Tpl,Totale,2025,2016,1826,,,,,'Prodotto del numero complessivo di km percorsi nell"'anno dai veicoli del Tpl per la loro capacità media, rapportato alla popolazione residente (posti-Km per abitante). L"'indicatore è riferito ai Comuni capoluogo di provincia e considera le seguenti modalità di Tpl: autobus, tram, filobus, metropolitana, funicolare o funivia (inclusi i servizi ettometrici di navetta a guida automatica), trasporti per vie d"'acqua.',Istat: Indagine Dati ambientali nelle città,,,Valori per abitante,
Annuale,Calabria,Qualità dei servizi,Posti-km offerti dal Tpl,Totale,2025,2017,1777,,,,,'Prodotto del numero complessivo di km percorsi nell"'anno dai veicoli del Tpl per la loro capacità media, rapportato alla popolazione residente (posti-Km per abitante). L"'indicatore è riferito ai Comuni capoluogo di provincia e considera le seguenti modalità di Tpl: autobus, tram, filobus, metropolitana, funicolare o funivia (inclusi i servizi ettometrici di navetta a guida automatica), trasporti per vie d"'acqua.',Istat: Indagine Dati ambientali nelle città,,,Valori per abitante,
Annuale,Calabria,Qualità dei servizi,Posti-km offerti dal Tpl,Totale,2025,2018,1812,,,,,'Prodotto del numero complessivo di km percorsi nell"'anno dai veicoli del Tpl per la loro capacità media, rapportato alla popolazione residente (posti-Km per abitante). L"'indicatore è riferito ai Comuni capoluogo di provincia e considera le seguenti modalità di Tpl: autobus, tram, filobus, metropolitana, funicolare o funivia (inclusi i servizi ettometrici di navetta a guida automatica), trasporti per vie d"'acqua.',Istat: Indagine Dati ambientali nelle città,,,Valori per abitante,
Annuale,Calabria,Qualità dei servizi,Posti-km offerti dal Tpl,Totale,2025,2019,1646,,,,,'Prodotto del numero complessivo di km percorsi nell"'anno dai veicoli del Tpl per la loro capacità media, rapportato alla popolazione residente (posti-Km per abitante). L"'indicatore è riferito ai Comuni capoluogo di provincia e considera le seguenti modalità di Tpl: autobus, tram, filobus, metropolitana, funicolare o funivia (inclusi i servizi ettometrici di navetta a guida automatica), trasporti per vie d"'acqua.',Istat: Indagine Dati ambientali nelle città,,,Valori per abitante,
Annuale,Calabria,Qualità dei servizi,Posti-km offerti dal Tpl,Totale,2025,2020,1249,,,,,'Prodotto del numero complessivo di km percorsi nell"'anno dai veicoli del Tpl per la loro capacità media, rapportato alla popolazione residente (posti-Km per abitante). L"'indicatore è riferito ai Comuni capoluogo di provincia e considera le seguenti modalità di Tpl: autobus, tram, filobus, metropolitana, funicolare o funivia (inclusi i servizi ettometrici di navetta a guida automatica), trasporti per vie d"'acqua.',Istat: Indagine Dati ambientali nelle città,,,Valori per abitante,
Annuale,Calabria,Qualità dei servizi,Posti-km offerti dal Tpl,Totale,2025,2021,1614,,,,,'Prodotto del numero complessivo di km percorsi nell"'anno dai veicoli del Tpl per la loro capacità media, rapportato alla popolazione residente (posti-Km per abitante). L"'indicatore è riferito ai Comuni capoluogo di provincia e considera le seguenti modalità di Tpl: autobus, tram, filobus, metropolitana, funicolare o funivia (inclusi i servizi ettometrici di navetta a guida automatica), trasporti per vie d"'acqua.',Istat: Indagine Dati ambientali nelle città,,,Valori per abitante,
Annuale,Calabria,Qualità dei servizi,Posti-km offerti dal Tpl,Totale,2025,2022,1794,,,,,'Prodotto del numero complessivo di km percorsi nell"'anno dai veicoli del Tpl per la loro capacità media, rapportato alla popolazione residente (posti-Km per abitante). L"'indicatore è riferito ai Comuni capoluogo di provincia e considera le seguenti modalità di Tpl: autobus, tram, filobus, metropolitana, funicolare o funivia (inclusi i servizi ettometrici di navetta a guida automatica), trasporti per vie d"'acqua.',Istat: Indagine Dati ambientali nelle città,,,Valori per abitante,
Annuale,Calabria,Qualità dei servizi,Posti-km offerti dal Tpl,Totale,2025,2023,2071,,,,,'Prodotto del numero complessivo di km percorsi nell"'anno dai veicoli del Tpl per la loro capacità media, rapportato alla popolazione residente (posti-Km per abitante). L"'indicatore è riferito ai Comuni capoluogo di provincia e considera le seguenti modalità di Tpl: autobus, tram, filobus, metropolitana, funicolare o funivia (inclusi i servizi ettometrici di navetta a guida automatica), trasporti per vie d"'acqua.',Istat: Indagine Dati ambientali nelle città,,,Valori per abitante,
Annuale,Sicilia,Qualità dei servizi,Posti-km offerti dal Tpl,Totale,2025,2014,1758,,,,,'Prodotto del numero complessivo di km percorsi nell"'anno dai veicoli del Tpl per la loro capacità media, rapportato alla popolazione residente (posti-Km per abitante). L"'indicatore è riferito ai Comuni capoluogo di provincia e considera le seguenti modalità di Tpl: autobus, tram, filobus, metropolitana, funicolare o funivia (inclusi i servizi ettometrici di navetta a guida automatica), trasporti per vie d"'acqua.',Istat: Indagine Dati ambientali nelle città,,,Valori per abitante,
Annuale,Sicilia,Qualità dei servizi,Posti-km offerti dal Tpl,Totale,2025,2015,1662,,,,,'Prodotto del numero complessivo di km percorsi nell"'anno dai veicoli del Tpl per la loro capacità media, rapportato alla popolazione residente (posti-Km per abitante). L"'indicatore è riferito ai Comuni capoluogo di provincia e considera le seguenti modalità di Tpl: autobus, tram, filobus, metropolitana, funicolare o funivia (inclusi i servizi ettometrici di navetta a guida automatica), trasporti per vie d"'acqua.',Istat: Indagine Dati ambientali nelle città,,,Valori per abitante,
Annuale,Sicilia,Qualità dei servizi,Posti-km offerti dal Tpl,Totale,2025,2016,1718,,,,,'Prodotto del numero complessivo di km percorsi nell"'anno dai veicoli del Tpl per la loro capacità media, rapportato alla popolazione residente (posti-Km per abitante). L"'indicatore è riferito ai Comuni capoluogo di provincia e considera le seguenti modalità di Tpl: autobus, tram, filobus, metropolitana, funicolare o funivia (inclusi i servizi ettometrici di navetta a guida automatica), trasporti per vie d"'acqua.',Istat: Indagine Dati ambientali nelle città,,,Valori per abitante,
Annuale,Sicilia,Qualità dei servizi,Posti-km offerti dal Tpl,Totale,2025,2017,1834,,,,,'Prodotto del numero complessivo di km percorsi nell"'anno dai veicoli del Tpl per la loro capacità media, rapportato alla popolazione residente (posti-Km per abitante). L"'indicatore è riferito ai Comuni capoluogo di provincia e considera le seguenti modalità di Tpl: autobus, tram, filobus, metropolitana, funicolare o funivia (inclusi i servizi ettometrici di navetta a guida automatica), trasporti per vie d"'acqua.',Istat: Indagine Dati ambientali nelle città,,,Valori per abitante,
Annuale,Sicilia,Qualità dei servizi,Posti-km offerti dal Tpl,Totale,2025,2018,1817,,,,,'Prodotto del numero complessivo di km percorsi nell"'anno dai veicoli del Tpl per la loro capacità media, rapportato alla popolazione residente (posti-Km per abitante). L"'indicatore è riferito ai Comuni capoluogo di provincia e considera le seguenti modalità di Tpl: autobus, tram, filobus, metropolitana, funicolare o funivia (inclusi i servizi ettometrici di navetta a guida automatica), trasporti per vie d"'acqua.',Istat: Indagine Dati ambientali nelle città,,,Valori per abitante,
Annuale,Sicilia,Qualità dei servizi,Posti-km offerti dal Tpl,Totale,2025,2019,1723,,,,,'Prodotto del numero complessivo di km percorsi nell"'anno dai veicoli del Tpl per la loro capacità media, rapportato alla popolazione residente (posti-Km per abitante). L"'indicatore è riferito ai Comuni capoluogo di provincia e considera le seguenti modalità di Tpl: autobus, tram, filobus, metropolitana, funicolare o funivia (inclusi i servizi ettometrici di navetta a guida automatica), trasporti per vie d"'acqua.',Istat: Indagine Dati ambientali nelle città,,,Valori per abitante,
Annuale,Sicilia,Qualità dei servizi,Posti-km offerti dal Tpl,Totale,2025,2020,1306,,,,,'Prodotto del numero complessivo di km percorsi nell"'anno dai veicoli del Tpl per la loro capacità media, rapportato alla popolazione residente (posti-Km per abitante). L"'indicatore è riferito ai Comuni capoluogo di provincia e considera le seguenti modalità di Tpl: autobus, tram, filobus, metropolitana, funicolare o funivia (inclusi i servizi ettometrici di navetta a guida automatica), trasporti per vie d"'acqua.',Istat: Indagine Dati ambientali nelle città,,,Valori per abitante,
Annuale,Sicilia,Qualità dei servizi,Posti-km offerti dal Tpl,Totale,2025,2021,1493,,,,,'Prodotto del numero complessivo di km percorsi nell"'anno dai veicoli del Tpl per la loro capacità media, rapportato alla popolazione residente (posti-Km per abitante). L"'indicatore è riferito ai Comuni capoluogo di provincia e considera le seguenti modalità di Tpl: autobus, tram, filobus, metropolitana, funicolare o funivia (inclusi i servizi ettometrici di navetta a guida automatica), trasporti per vie d"'acqua.',Istat: Indagine Dati ambientali nelle città,,,Valori per abitante,
Annuale,Sicilia,Qualità dei servizi,Posti-km offerti dal Tpl,Totale,2025,2022,1639,,,,,'Prodotto del numero complessivo di km percorsi nell"'anno dai veicoli del Tpl per la loro capacità media, rapportato alla popolazione residente (posti-Km per abitante). L"'indicatore è riferito ai Comuni capoluogo di provincia e considera le seguenti modalità di Tpl: autobus, tram, filobus, metropolitana, funicolare o funivia (inclusi i servizi ettometrici di navetta a guida automatica), trasporti per vie d"'acqua.',Istat: Indagine Dati ambientali nelle città,,,Valori per abitante,
Annuale,Sicilia,Qualità dei servizi,Posti-km offerti dal Tpl,Totale,2025,2023,1704,,,,,'Prodotto del numero complessivo di km percorsi nell"'anno dai veicoli del Tpl per la loro capacità media, rapportato alla popolazione residente (posti-Km per abitante). L"'indicatore è riferito ai Comuni capoluogo di provincia e considera le seguenti modalità di Tpl: autobus, tram, filobus, metropolitana, funicolare o funivia (inclusi i servizi ettometrici di navetta a guida automatica), trasporti per vie d"'acqua.',Istat: Indagine Dati ambientali nelle città,,,Valori per abitante,
Annuale,Sardegna,Qualità dei servizi,Posti-km offerti dal Tpl,Totale,2025,2014,3168,,,,,'Prodotto del numero complessivo di km percorsi nell"'anno dai veicoli del Tpl per la loro capacità media, rapportato alla popolazione residente (posti-Km per abitante). L"'indicatore è riferito ai Comuni capoluogo di provincia e considera le seguenti modalità di Tpl: autobus, tram, filobus, metropolitana, funicolare o funivia (inclusi i servizi ettometrici di navetta a guida automatica), trasporti per vie d"'acqua.',Istat: Indagine Dati ambientali nelle città,,,Valori per abitante,
Annuale,Sardegna,Qualità dei servizi,Posti-km offerti dal Tpl,Totale,2025,2015,2946,,,,,'Prodotto del numero complessivo di km percorsi nell"'anno dai veicoli del Tpl per la loro capacità media, rapportato alla popolazione residente (posti-Km per abitante). L"'indicatore è riferito ai Comuni capoluogo di provincia e considera le seguenti modalità di Tpl: autobus, tram, filobus, metropolitana, funicolare o funivia (inclusi i servizi ettometrici di navetta a guida automatica), trasporti per vie d"'acqua.',Istat: Indagine Dati ambientali nelle città,,,Valori per abitante,
Annuale,Sardegna,Qualità dei servizi,Posti-km offerti dal Tpl,Totale,2025,2016,3250,,,,,'Prodotto del numero complessivo di km percorsi nell"'anno dai veicoli del Tpl per la loro capacità media, rapportato alla popolazione residente (posti-Km per abitante). L"'indicatore è riferito ai Comuni capoluogo di provincia e considera le seguenti modalità di Tpl: autobus, tram, filobus, metropolitana, funicolare o funivia (inclusi i servizi ettometrici di navetta a guida automatica), trasporti per vie d"'acqua.',Istat: Indagine Dati ambientali nelle città,,,Valori per abitante,
Annuale,Sardegna,Qualità dei servizi,Posti-km offerti dal Tpl,Totale,2025,2017,3256,,,,,'Prodotto del numero complessivo di km percorsi nell"'anno dai veicoli del Tpl per la loro capacità media, rapportato alla popolazione residente (posti-Km per abitante). L"'indicatore è riferito ai Comuni capoluogo di provincia e considera le seguenti modalità di Tpl: autobus, tram, filobus, metropolitana, funicolare o funivia (inclusi i servizi ettometrici di navetta a guida automatica), trasporti per vie d"'acqua.',Istat: Indagine Dati ambientali nelle città,,,Valori per abitante,
Annuale,Sardegna,Qualità dei servizi,Posti-km offerti dal Tpl,Totale,2025,2018,3264,,,,,'Prodotto del numero complessivo di km percorsi nell"'anno dai veicoli del Tpl per la loro capacità media, rapportato alla popolazione residente (posti-Km per abitante). L"'indicatore è riferito ai Comuni capoluogo di provincia e considera le seguenti modalità di Tpl: autobus, tram, filobus, metropolitana, funicolare o funivia (inclusi i servizi ettometrici di navetta a guida automatica), trasporti per vie d"'acqua.',Istat: Indagine Dati ambientali nelle città,,,Valori per abitante,
Annuale,Sardegna,Qualità dei servizi,Posti-km offerti dal Tpl,Totale,2025,2019,3411,,,,,'Prodotto del numero complessivo di km percorsi nell"'anno dai veicoli del Tpl per la loro capacità media, rapportato alla popolazione residente (posti-Km per abitante). L"'indicatore è riferito ai Comuni capoluogo di provincia e considera le seguenti modalità di Tpl: autobus, tram, filobus, metropolitana, funicolare o funivia (inclusi i servizi ettometrici di navetta a guida automatica), trasporti per vie d"'acqua.',Istat: Indagine Dati ambientali nelle città,,,Valori per abitante,
Annuale,Sardegna,Qualità dei servizi,Posti-km offerti dal Tpl,Totale,2025,2020,2424,,,,,'Prodotto del numero complessivo di km percorsi nell"'anno dai veicoli del Tpl per la loro capacità media, rapportato alla popolazione residente (posti-Km per abitante). L"'indicatore è riferito ai Comuni capoluogo di provincia e considera le seguenti modalità di Tpl: autobus, tram, filobus, metropolitana, funicolare o funivia (inclusi i servizi ettometrici di navetta a guida automatica), trasporti per vie d"'acqua.',Istat: Indagine Dati ambientali nelle città,,,Valori per abitante,
Annuale,Sardegna,Qualità dei servizi,Posti-km offerti dal Tpl,Totale,2025,2021,3488,,,,,'Prodotto del numero complessivo di km percorsi nell"'anno dai veicoli del Tpl per la loro capacità media, rapportato alla popolazione residente (posti-Km per abitante). L"'indicatore è riferito ai Comuni capoluogo di provincia e considera le seguenti modalità di Tpl: autobus, tram, filobus, metropolitana, funicolare o funivia (inclusi i servizi ettometrici di navetta a guida automatica), trasporti per vie d"'acqua.',Istat: Indagine Dati ambientali nelle città,,,Valori per abitante,
Annuale,Sardegna,Qualità dei servizi,Posti-km offerti dal Tpl,Totale,2025,2022,3726,,,,,'Prodotto del numero complessivo di km percorsi nell"'anno dai veicoli del Tpl per la loro capacità media, rapportato alla popolazione residente (posti-Km per abitante). L"'indicatore è riferito ai Comuni capoluogo di provincia e considera le seguenti modalità di Tpl: autobus, tram, filobus, metropolitana, funicolare o funivia (inclusi i servizi ettometrici di navetta a guida automatica), trasporti per vie d"'acqua.',Istat: Indagine Dati ambientali nelle città,,,Valori per abitante,
Annuale,Sardegna,Qualità dei servizi,Posti-km offerti dal Tpl,Totale,2025,2023,3406,,,,,'Prodotto del numero complessivo di km percorsi nell"'anno dai veicoli del Tpl per la loro capacità media, rapportato alla popolazione residente (posti-Km per abitante). L"'indicatore è riferito ai Comuni capoluogo di provincia e considera le seguenti modalità di Tpl: autobus, tram, filobus, metropolitana, funicolare o funivia (inclusi i servizi ettometrici di navetta a guida automatica), trasporti per vie d"'acqua.',Istat: Indagine Dati ambientali nelle città,,,Valori per abitante,
